unix,date,symbol,open,high,low,close,Volume DOGE,Volume BTC
1.68E+12,13-05-2023,DOGE,0.0000027,0.0000027,0.0000027,0.0000027,37378.97312,0.099801858
1.68E+12,12-05-2023,DOGE,0.0000027,0.0000027,0.0000026,0.0000027,48873.59407,0.131958704
1.68E+12,11-05-2023,DOGE,0.0000026,0.0000027,0.0000026,0.0000027,43994.54307,0.11746543
1.68E+12,10-05-2023,DOGE,0.0000026,0.0000027,0.0000026,0.0000026,12221.0142,0.032263477
1.68E+12,09-05-2023,DOGE,0.0000026,0.0000027,0.0000026,0.0000026,164674.3738,0.434740347
1.68E+12,08-05-2023,DOGE,0.0000027,0.0000027,0.0000026,0.0000026,71341.07921,0.186200217
1.68E+12,07-05-2023,DOGE,0.0000027,0.0000027,0.0000027,0.0000027,8716.145315,0.023446431
1.68E+12,06-05-2023,DOGE,0.0000027,0.0000027,0.0000027,0.0000027,16802.8162,0.045031547
1.68E+12,05-05-2023,DOGE,0.0000027,0.0000027,0.0000027,0.0000027,18249.66096,0.049456581
1.68E+12,04-05-2023,DOGE,0.0000027,0.0000028,0.0000027,0.0000027,62449.93779,0.169614031
1.68E+12,03-05-2023,DOGE,0.0000027,0.0000028,0.0000027,0.0000027,49797.26085,0.136593887
1.68E+12,02-05-2023,DOGE,0.0000028,0.0000028,0.0000027,0.0000027,15398.80753,0.042192733
1.68E+12,01-05-2023,DOGE,0.0000027,0.0000028,0.0000027,0.0000028,70983.47606,0.198753733
1.68E+12,30-04-2023,DOGE,0.0000028,0.0000028,0.0000027,0.0000027,10211.9186,0.027694723
1.68E+12,29-04-2023,DOGE,0.0000027,0.0000028,0.0000027,0.0000028,25569.27725,0.071542838
1.68E+12,28-04-2023,DOGE,0.0000027,0.0000028,0.0000027,0.0000027,59822.70387,0.163794563
1.68E+12,27-04-2023,DOGE,0.0000028,0.0000028,0.0000027,0.0000027,24308.77578,0.066362958
1.68E+12,26-04-2023,DOGE,0.0000028,0.0000028,0.0000027,0.0000028,54196.02567,0.149201659
1.68E+12,25-04-2023,DOGE,0.0000029,0.0000029,0.0000028,0.0000028,24388.79684,0.069020295
1.68E+12,24-04-2023,DOGE,0.0000028,0.0000029,0.0000028,0.0000029,216125.6558,0.617038747
1.68E+12,23-04-2023,DOGE,0.0000029,0.000003,0.0000028,0.0000028,38920.47918,0.110534161
1.68E+12,22-04-2023,DOGE,0.0000029,0.0000029,0.0000028,0.0000029,53158.23767,0.153148883
1.68E+12,21-04-2023,DOGE,0.000003,0.000003,0.0000028,0.0000029,73177.81459,0.210020328
1.68E+12,20-04-2023,DOGE,0.000003,0.0000032,0.0000029,0.000003,41092.6792,0.122209628
1.68E+12,19-04-2023,DOGE,0.0000031,0.0000031,0.000003,0.000003,26078.18004,0.079199433
1.68E+12,18-04-2023,DOGE,0.0000031,0.0000032,0.000003,0.0000031,374711.2363,1.15785772
1.68E+12,17-04-2023,DOGE,0.000003,0.0000032,0.000003,0.0000031,46181.59001,0.142978203
1.68E+12,16-04-2023,DOGE,0.0000029,0.000003,0.0000028,0.000003,201248.4483,0.60173286
1.68E+12,15-04-2023,DOGE,0.0000029,0.000003,0.0000029,0.0000029,6629.458491,0.019424313
1.68E+12,14-04-2023,DOGE,0.0000029,0.000003,0.0000028,0.0000029,27897.01137,0.080622363
1.68E+12,13-04-2023,DOGE,0.0000028,0.0000029,0.0000027,0.0000029,68396.10874,0.196296832
1.68E+12,12-04-2023,DOGE,0.0000028,0.0000028,0.0000027,0.0000028,27493.94478,0.076433166
1.68E+12,11-04-2023,DOGE,0.0000029,0.0000029,0.0000027,0.0000028,45965.50819,0.127784113
1.68E+12,10-04-2023,DOGE,0.0000029,0.000003,0.0000029,0.0000029,23939.41926,0.068706133
1.68E+12,09-04-2023,DOGE,0.0000029,0.000003,0.0000029,0.0000029,348034.1283,1.023220337
1.68E+12,08-04-2023,DOGE,0.000003,0.000003,0.0000029,0.0000029,70879.53508,0.206259447
1.68E+12,07-04-2023,DOGE,0.0000031,0.0000031,0.0000028,0.000003,182331.7272,0.537878595
1.68E+12,06-04-2023,DOGE,0.0000033,0.0000033,0.000003,0.0000031,332023.1195,1.015990746
1.68E+12,05-04-2023,DOGE,0.0000034,0.0000035,0.0000033,0.0000033,252445.524,0.830545774
1.68E+12,04-04-2023,DOGE,0.0000035,0.0000037,0.0000033,0.0000034,641524.4693,2.161937462
1.68E+12,03-04-2023,DOGE,0.0000028,0.0000037,0.0000027,0.0000035,1401513.443,4.863251649
1.68E+12,02-04-2023,DOGE,0.0000029,0.000003,0.0000028,0.0000028,129513.5919,0.365228329
1.68E+12,01-04-2023,DOGE,0.0000027,0.0000029,0.0000027,0.0000029,148033.4451,0.423375653
1.68E+12,31-03-2023,DOGE,0.0000027,0.0000027,0.0000026,0.0000027,18367.01876,0.049774621
1.68E+12,30-03-2023,DOGE,0.0000027,0.0000027,0.0000026,0.0000027,9843.259374,0.026084637
1.68E+12,29-03-2023,DOGE,0.0000027,0.0000027,0.0000026,0.0000027,7639.106533,0.020320023
1.68E+12,28-03-2023,DOGE,0.0000027,0.0000027,0.0000027,0.0000027,6201.369839,0.016743699
1.68E+12,27-03-2023,DOGE,0.0000027,0.0000027,0.0000026,0.0000027,27096.28256,0.072889
1.68E+12,26-03-2023,DOGE,0.0000027,0.0000027,0.0000026,0.0000027,26853.35407,0.071429922
1.68E+12,25-03-2023,DOGE,0.0000027,0.0000028,0.0000027,0.0000027,11651.31437,0.031342036
1.68E+12,24-03-2023,DOGE,0.0000027,0.0000027,0.0000026,0.0000027,313333.5997,0.852267391
1.68E+12,23-03-2023,DOGE,0.0000027,0.0000028,0.0000027,0.0000027,100096.9502,0.272263705
1.68E+12,22-03-2023,DOGE,0.0000027,0.0000027,0.0000026,0.0000027,49723.2717,0.134750066
1.68E+12,21-03-2023,DOGE,0.0000026,0.0000028,0.0000026,0.0000027,130379.3186,0.354631746
1.68E+12,20-03-2023,DOGE,0.0000027,0.0000027,0.0000025,0.0000026,216601.5934,0.556666095
1.68E+12,19-03-2023,DOGE,0.0000027,0.0000028,0.0000026,0.0000027,184606.1192,0.491052277
1.68E+12,18-03-2023,DOGE,0.0000028,0.0000029,0.0000027,0.0000027,142105.0803,0.383683717
1.68E+12,17-03-2023,DOGE,0.0000029,0.0000029,0.0000027,0.0000028,55483.1378,0.154797954
1.68E+12,16-03-2023,DOGE,0.0000029,0.000003,0.0000028,0.0000029,195475.8801,0.566880052
1.68E+12,15-03-2023,DOGE,0.000003,0.0000031,0.0000028,0.0000029,60165.80575,0.172675862
1.68E+12,14-03-2023,DOGE,0.000003,0.000003,0.0000029,0.000003,155775.296,0.468883641
1.68E+12,13-03-2023,DOGE,0.0000032,0.0000033,0.0000029,0.000003,1686776.918,5.094066292
1.68E+12,12-03-2023,DOGE,0.0000032,0.0000033,0.0000031,0.0000032,8843673.912,28.47663
1.68E+12,11-03-2023,DOGE,0.0000033,0.0000033,0.000003,0.0000032,4349327.421,14.04832757
1.68E+12,10-03-2023,DOGE,0.0000032,0.0000033,0.0000032,0.0000033,42289.88142,0.137865013
1.68E+12,09-03-2023,DOGE,0.0000033,0.0000033,0.0000032,0.0000032,77133.45806,0.249912404
1.68E+12,08-03-2023,DOGE,0.0000033,0.0000033,0.0000032,0.0000033,38055.23869,0.125201735
1.68E+12,07-03-2023,DOGE,0.0000033,0.0000034,0.0000033,0.0000033,18748.48339,0.06243245
1.68E+12,06-03-2023,DOGE,0.0000033,0.0000033,0.0000033,0.0000033,11318.58827,0.037464527
1.68E+12,05-03-2023,DOGE,0.0000033,0.0000034,0.0000033,0.0000033,10503.04714,0.035080177
1.68E+12,04-03-2023,DOGE,0.0000034,0.0000035,0.0000033,0.0000033,4228566.369,14.08112601
1.68E+12,03-03-2023,DOGE,0.0000034,0.0000034,0.0000033,0.0000034,56425.19132,0.192409902
1.68E+12,02-03-2023,DOGE,0.0000035,0.0000035,0.0000034,0.0000034,35318.48281,0.121495581
1.68E+12,01-03-2023,DOGE,0.0000035,0.0000035,0.0000034,0.0000035,6873.476693,0.023782229
1.68E+12,28-02-2023,DOGE,0.0000035,0.0000035,0.0000034,0.0000035,110266.8631,0.384831352
1.68E+12,27-02-2023,DOGE,0.0000035,0.0000035,0.0000034,0.0000035,65790.8438,0.22763632
1.68E+12,26-02-2023,DOGE,0.0000035,0.0000035,0.0000034,0.0000035,25219.02735,0.088014405
1.68E+12,25-02-2023,DOGE,0.0000035,0.0000035,0.0000034,0.0000035,25023.04097,0.087580643
1.68E+12,24-02-2023,DOGE,0.0000035,0.0000036,0.0000035,0.0000035,68483.49277,0.23900739
1.68E+12,23-02-2023,DOGE,0.0000035,0.0000036,0.0000035,0.0000035,15025.50435,0.052889775
1.68E+12,22-02-2023,DOGE,0.0000035,0.0000037,0.0000035,0.0000035,51562.56875,0.182531493
1.68E+12,21-02-2023,DOGE,0.0000036,0.0000036,0.0000035,0.0000035,16915.31631,0.059034454
1.68E+12,20-02-2023,DOGE,0.0000036,0.0000036,0.0000035,0.0000036,257379.1611,0.913696022
1.68E+12,19-02-2023,DOGE,0.0000036,0.0000036,0.0000035,0.0000036,51398.27591,0.184005828
1.68E+12,18-02-2023,DOGE,0.0000036,0.0000037,0.0000035,0.0000036,24978.42237,0.090172105
1.68E+12,17-02-2023,DOGE,0.0000036,0.0000037,0.0000035,0.0000036,30618.89599,0.109615648
1.68E+12,16-02-2023,DOGE,0.0000037,0.0000037,0.0000035,0.0000036,60525.49494,0.217891782
1.68E+12,15-02-2023,DOGE,0.0000038,0.0000039,0.0000036,0.0000037,84171.03295,0.308065981
1.68E+12,14-02-2023,DOGE,0.0000038,0.0000039,0.0000037,0.0000038,69881.6441,0.263453798
1.68E+12,13-02-2023,DOGE,0.0000038,0.0000039,0.0000037,0.0000038,81515.28415,0.308127774
1.68E+12,12-02-2023,DOGE,0.0000038,0.0000039,0.0000037,0.0000038,58013.79761,0.218712017
1.68E+12,11-02-2023,DOGE,0.0000038,0.000004,0.0000037,0.0000038,102973.4572,0.386150464
1.68E+12,10-02-2023,DOGE,0.0000037,0.0000038,0.0000037,0.0000038,26533.50723,0.099500652
1.68E+12,09-02-2023,DOGE,0.0000039,0.0000039,0.0000037,0.0000037,146500.3339,0.546446245
1.68E+12,08-02-2023,DOGE,0.000004,0.000004,0.0000039,0.0000039,54208.45611,0.213039233
1.68E+12,07-02-2023,DOGE,0.0000039,0.000004,0.0000039,0.000004,20596.36593,0.081767573
1.68E+12,06-02-2023,DOGE,0.000004,0.0000041,0.0000038,0.0000039,70157.77694,0.275018486
1.68E+12,05-02-2023,DOGE,0.0000041,0.0000041,0.000004,0.000004,39323.12203,0.158078951
1.68E+12,04-02-2023,DOGE,0.000004,0.0000043,0.0000038,0.0000041,283246.2825,1.164142221
1.68E+12,03-02-2023,DOGE,0.0000039,0.000004,0.0000039,0.000004,21868.24684,0.086379575
1.68E+12,02-02-2023,DOGE,0.000004,0.000004,0.0000039,0.0000039,31337.07879,0.120961124
1.68E+12,01-02-2023,DOGE,0.0000041,0.0000042,0.0000039,0.000004,136353.8313,0.538597634
1.68E+12,31-01-2023,DOGE,0.0000039,0.0000042,0.0000039,0.0000041,224997.64,0.93149023
1.68E+12,30-01-2023,DOGE,0.0000038,0.000004,0.0000037,0.0000039,97046.88531,0.374600977
1.67E+12,29-01-2023,DOGE,0.0000038,0.0000039,0.0000038,0.0000038,45628.28089,0.172931185
1.67E+12,28-01-2023,DOGE,0.0000038,0.000004,0.0000038,0.0000038,95844.05903,0.364207424
1.67E+12,27-01-2023,DOGE,0.0000037,0.0000038,0.0000037,0.0000038,19494.33445,0.073493641
1.67E+12,26-01-2023,DOGE,0.0000037,0.0000038,0.0000037,0.0000037,61979.52691,0.231803431
1.67E+12,25-01-2023,DOGE,0.0000037,0.0000038,0.0000037,0.0000037,41255.70622,0.154296341
1.67E+12,24-01-2023,DOGE,0.0000039,0.0000039,0.0000037,0.0000037,63690.35753,0.23692813
1.67E+12,23-01-2023,DOGE,0.0000039,0.000004,0.0000038,0.0000039,44100.13857,0.169785533
1.67E+12,22-01-2023,DOGE,0.0000037,0.0000041,0.0000037,0.0000039,150137.6667,0.584035524
1.67E+12,21-01-2023,DOGE,0.0000038,0.0000039,0.0000037,0.0000037,116701.5518,0.435296788
1.67E+12,20-01-2023,DOGE,0.0000039,0.0000039,0.0000038,0.0000038,57029.19824,0.216710953
1.67E+12,19-01-2023,DOGE,0.0000039,0.0000039,0.0000039,0.0000039,24135.93347,0.093406063
1.67E+12,18-01-2023,DOGE,0.0000039,0.0000042,0.0000038,0.0000039,110939.2253,0.429334802
1.67E+12,17-01-2023,DOGE,0.0000039,0.000004,0.0000039,0.0000039,62535.05582,0.244512068
1.67E+12,16-01-2023,DOGE,0.0000041,0.0000041,0.0000039,0.0000039,15860.37808,0.06248989
1.67E+12,15-01-2023,DOGE,0.0000042,0.0000042,0.000004,0.0000041,9234.062317,0.038044337
1.67E+12,14-01-2023,DOGE,0.0000042,0.0000044,0.0000041,0.0000042,78310.52132,0.324988663
1.67E+12,13-01-2023,DOGE,0.0000042,0.0000043,0.0000042,0.0000042,35598.50566,0.150581679
1.67E+12,12-01-2023,DOGE,0.0000044,0.0000044,0.0000042,0.0000042,55495.45234,0.234745763
1.67E+12,11-01-2023,DOGE,0.0000045,0.0000045,0.0000043,0.0000044,17392.79793,0.075832599
1.67E+12,10-01-2023,DOGE,0.0000044,0.0000045,0.0000043,0.0000045,31292.37631,0.139251075
1.67E+12,09-01-2023,DOGE,0.0000043,0.0000046,0.0000043,0.0000044,38973.38766,0.171482906
1.67E+12,08-01-2023,DOGE,0.0000043,0.0000043,0.0000042,0.0000043,17106.18819,0.073214485
1.67E+12,07-01-2023,DOGE,0.0000043,0.0000043,0.0000042,0.0000043,10321.25807,0.044071772
1.67E+12,06-01-2023,DOGE,0.0000042,0.0000043,0.0000042,0.0000043,15557.17645,0.066273572
1.67E+12,05-01-2023,DOGE,0.0000043,0.0000044,0.0000042,0.0000042,37314.12963,0.15821191
1.67E+12,04-01-2023,DOGE,0.0000043,0.0000044,0.0000042,0.0000044,50558.20903,0.220939373
1.67E+12,04-01-2023,DOGE,0.0000042,0.0000043,0.0000042,0.0000043,48775.67424,0.211198669
1.67E+12,03-01-2023,DOGE,0.0000043,0.0000043,0.0000042,0.0000043,33586.25047,0.144085015
1.67E+12,03-01-2023,DOGE,0.0000043,0.0000043,0.0000042,0.0000042,33000.45228,0.138931904
1.67E+12,02-01-2023,DOGE,0.0000042,0.0000044,0.0000042,0.0000043,39431.7872,0.168373731
1.67E+12,02-01-2023,DOGE,0.0000042,0.0000044,0.0000042,0.0000043,40443.42945,0.173097878
1.67E+12,01-01-2023,DOGE,0.0000042,0.0000044,0.0000041,0.0000042,14691.44963,0.061557174
1.67E+12,01-01-2023,DOGE,0.0000042,0.0000044,0.0000041,0.0000042,14150.32679,0.059572876
1.67E+12,31-12-2022,DOGE,0.0000041,0.0000043,0.0000041,0.0000042,35990.14312,0.152598207
1.67E+12,31-12-2022,DOGE,0.0000042,0.0000043,0.0000041,0.0000042,36449.61401,0.153817371
1.67E+12,30-12-2022,DOGE,0.0000043,0.0000043,0.000004,0.0000041,44272.65181,0.182403325
1.67E+12,30-12-2022,DOGE,0.0000043,0.0000043,0.000004,0.0000042,43791.32322,0.181733991
1.67E+12,29-12-2022,DOGE,0.0000043,0.0000043,0.0000041,0.0000043,64258.16379,0.273097196
1.67E+12,29-12-2022,DOGE,0.0000043,0.0000043,0.0000041,0.0000043,63942.278,0.27367295
1.67E+12,28-12-2022,DOGE,0.0000043,0.0000043,0.0000042,0.0000043,15525.00882,0.065981287
1.67E+12,28-12-2022,DOGE,0.0000044,0.0000044,0.0000042,0.0000043,32585.11461,0.138812588
1.67E+12,27-12-2022,DOGE,0.0000045,0.0000045,0.0000043,0.0000043,37421.75857,0.162036215
1.67E+12,27-12-2022,DOGE,0.0000045,0.0000045,0.0000044,0.0000044,39689.29212,0.174632885
1.67E+12,26-12-2022,DOGE,0.0000045,0.0000045,0.0000045,0.0000045,48983.39252,0.218955765
1.67E+12,26-12-2022,DOGE,0.0000045,0.0000045,0.0000045,0.0000045,30100.17484,0.135149785
1.67E+12,25-12-2022,DOGE,0.0000047,0.0000047,0.0000045,0.0000045,7082.078309,0.032010994
1.67E+12,25-12-2022,DOGE,0.0000046,0.0000047,0.0000045,0.0000045,6555.85208,0.029763568
1.67E+12,24-12-2022,DOGE,0.0000046,0.0000047,0.0000045,0.0000047,3646.748351,0.01695738
1.67E+12,24-12-2022,DOGE,0.0000046,0.0000047,0.0000045,0.0000046,4057.320968,0.018501384
1.67E+12,23-12-2022,DOGE,0.0000046,0.0000047,0.0000046,0.0000046,7637.872873,0.035210594
1.67E+12,23-12-2022,DOGE,0.0000046,0.0000047,0.0000046,0.0000046,10366.91112,0.047480453
1.67E+12,22-12-2022,DOGE,0.0000044,0.0000046,0.0000044,0.0000046,25689.13326,0.118683796
1.67E+12,22-12-2022,DOGE,0.0000044,0.0000046,0.0000044,0.0000046,51795.61776,0.237741886
1.67E+12,21-12-2022,DOGE,0.0000044,0.0000044,0.0000042,0.0000044,22264.27471,0.097517523
1.67E+12,21-12-2022,DOGE,0.0000044,0.0000044,0.0000042,0.0000044,31786.7443,0.138590205
1.67E+12,20-12-2022,DOGE,0.0000044,0.0000045,0.0000043,0.0000044,26918.56637,0.117095764
1.67E+12,20-12-2022,DOGE,0.0000044,0.0000045,0.0000043,0.0000044,62130.38812,0.274616315
1.67E+12,19-12-2022,DOGE,0.0000046,0.0000047,0.0000043,0.0000044,277626.5024,1.232661671
1.67E+12,19-12-2022,DOGE,0.0000047,0.0000047,0.0000043,0.0000044,233833.345,1.017175051
1.67E+12,18-12-2022,DOGE,0.0000047,0.0000048,0.0000046,0.0000046,6881.45586,0.031929955
1.67E+12,18-12-2022,DOGE,0.0000047,0.0000048,0.0000046,0.0000047,6513.472221,0.030678454
1.67E+12,17-12-2022,DOGE,0.0000046,0.0000047,0.0000045,0.0000047,9915.370003,0.046800546
1.67E+12,17-12-2022,DOGE,0.0000046,0.0000047,0.0000045,0.0000047,10573.28354,0.049694433
1.67E+12,16-12-2022,DOGE,0.0000049,0.0000049,0.0000045,0.0000046,44194.29994,0.202409894
1.67E+12,16-12-2022,DOGE,0.0000049,0.0000049,0.0000045,0.0000046,43268.71619,0.197305346
1.67E+12,15-12-2022,DOGE,0.0000049,0.000005,0.0000049,0.0000049,1911.101347,0.00942173
1.67E+12,15-12-2022,DOGE,0.000005,0.000005,0.0000049,0.0000049,16603.5623,0.081357455
1.67E+12,14-12-2022,DOGE,0.0000051,0.0000051,0.0000049,0.0000049,11293.88889,0.055227117
1.67E+12,14-12-2022,DOGE,0.0000051,0.0000052,0.0000049,0.000005,12112.20157,0.06007652
1.67E+12,13-12-2022,DOGE,0.0000053,0.0000053,0.0000051,0.0000051,13791.58397,0.070888742
1.67E+12,13-12-2022,DOGE,0.0000052,0.0000053,0.0000051,0.0000051,24316.88717,0.124016125
1.67E+12,12-12-2022,DOGE,0.0000052,0.0000053,0.0000052,0.0000053,91831.58371,0.482115814
1.67E+12,12-12-2022,DOGE,0.0000054,0.0000055,0.000005,0.0000052,101607.8436,0.529376865
1.67E+12,11-12-2022,DOGE,0.0000056,0.0000056,0.000005,0.0000052,39521.71944,0.205117724
1.67E+12,11-12-2022,DOGE,0.0000056,0.0000056,0.0000054,0.0000054,16183.02716,0.088035668
1.67E+12,10-12-2022,DOGE,0.0000057,0.0000057,0.0000054,0.0000056,21173.88333,0.119208963
1.67E+12,10-12-2022,DOGE,0.0000057,0.0000057,0.0000054,0.0000056,21920.36393,0.123192445
1.67E+12,09-12-2022,DOGE,0.0000057,0.0000057,0.0000056,0.0000057,5834.95961,0.032967522
1.67E+12,09-12-2022,DOGE,0.0000057,0.0000057,0.0000056,0.0000057,6742.417285,0.038094658
1.67E+12,08-12-2022,DOGE,0.0000057,0.0000057,0.0000056,0.0000057,17780.09346,0.101879936
1.67E+12,08-12-2022,DOGE,0.0000057,0.0000058,0.0000056,0.0000057,29402.34067,0.167887365
1.67E+12,07-12-2022,DOGE,0.0000059,0.0000059,0.0000056,0.0000057,16049.33688,0.092123194
1.67E+12,07-12-2022,DOGE,0.0000058,0.0000059,0.0000056,0.0000057,39641.15367,0.224765341
1.67E+12,06-12-2022,DOGE,0.000006,0.000006,0.0000058,0.0000059,41977.92639,0.246830207
1.67E+12,06-12-2022,DOGE,0.000006,0.000006,0.0000058,0.0000058,34623.69018,0.202202351
1.67E+12,05-12-2022,DOGE,0.000006,0.0000064,0.0000059,0.000006,58528.83457,0.352928872
1.67E+12,05-12-2022,DOGE,0.0000061,0.0000064,0.0000059,0.000006,52690.42666,0.314561847
1.67E+12,04-12-2022,DOGE,0.000006,0.0000062,0.000006,0.000006,37601.90125,0.227115484
1.67E+12,04-12-2022,DOGE,0.0000059,0.0000062,0.0000059,0.0000061,39837.23129,0.242210366
1.67E+12,03-12-2022,DOGE,0.0000059,0.0000062,0.0000057,0.000006,45478.30013,0.272415018
1.67E+12,03-12-2022,DOGE,0.000006,0.0000062,0.0000057,0.0000059,45732.35547,0.26890625
1.67E+12,02-12-2022,DOGE,0.0000058,0.000006,0.0000058,0.0000059,19026.35215,0.112826268
1.67E+12,02-12-2022,DOGE,0.000006,0.0000065,0.0000058,0.000006,68308.83913,0.407120681
1.67E+12,01-12-2022,DOGE,0.0000061,0.0000065,0.0000058,0.0000058,58516.6696,0.340567017
1.67E+12,01-12-2022,DOGE,0.0000062,0.0000063,0.0000059,0.000006,69369.83417,0.414831608
1.67E+12,30-11-2022,DOGE,0.0000063,0.0000064,0.0000058,0.0000061,243360.7998,1.482067271
1.67E+12,30-11-2022,DOGE,0.0000062,0.0000065,0.0000058,0.0000062,274971.3624,1.710321874
1.67E+12,29-11-2022,DOGE,0.0000062,0.0000065,0.0000061,0.0000063,91442.81776,0.576089752
1.67E+12,29-11-2022,DOGE,0.0000058,0.0000064,0.0000058,0.0000062,70304.43388,0.435184446
1.67E+12,28-11-2022,DOGE,0.0000059,0.0000063,0.0000057,0.0000062,85248.89037,0.530248098
1.67E+12,28-11-2022,DOGE,0.000006,0.000006,0.0000057,0.0000058,105413.7922,0.615616547
1.67E+12,27-11-2022,DOGE,0.0000054,0.0000064,0.0000054,0.0000059,161654.0629,0.95052589
1.67E+12,27-11-2022,DOGE,0.0000054,0.0000064,0.0000054,0.000006,116569.1424,0.699414855
1.67E+12,26-11-2022,DOGE,0.0000056,0.0000056,0.0000054,0.0000054,12792.47089,0.069335192
1.67E+12,26-11-2022,DOGE,0.0000054,0.0000057,0.0000054,0.0000054,52944.37721,0.285899637
1.67E+12,25-11-2022,DOGE,0.000005,0.0000057,0.000005,0.0000056,111825.1333,0.625102495
1.67E+12,25-11-2022,DOGE,0.0000049,0.0000055,0.0000049,0.0000054,73295.99868,0.393599513
1.67E+12,24-11-2022,DOGE,0.000005,0.000005,0.0000049,0.000005,71993.25687,0.357806487
1.67E+12,24-11-2022,DOGE,0.000005,0.000005,0.0000049,0.0000049,122539.4354,0.604119417
1.67E+12,23-11-2022,DOGE,0.000005,0.000005,0.0000047,0.000005,89372.13437,0.443285786
1.67E+12,23-11-2022,DOGE,0.0000049,0.000005,0.0000047,0.000005,41258.88665,0.205056667
1.67E+12,22-11-2022,DOGE,0.0000048,0.000005,0.0000047,0.000005,61516.30286,0.304505699
1.67E+12,22-11-2022,DOGE,0.0000048,0.0000049,0.0000047,0.0000049,175114.0586,0.851054325
1.67E+12,21-11-2022,DOGE,0.0000047,0.0000048,0.0000046,0.0000048,157700.4794,0.753808292
1.67E+12,21-11-2022,DOGE,0.0000047,0.0000048,0.0000046,0.0000048,64423.54106,0.30601182
1.67E+12,20-11-2022,DOGE,0.0000051,0.0000051,0.0000047,0.0000047,41878.54365,0.196829155
1.67E+12,20-11-2022,DOGE,0.000005,0.0000051,0.0000047,0.0000047,27634.77822,0.130988849
1.67E+12,19-11-2022,DOGE,0.0000051,0.0000051,0.0000049,0.0000051,136412.3505,0.694338864
1.67E+12,19-11-2022,DOGE,0.0000051,0.0000051,0.0000049,0.000005,126097.7409,0.634271637
1.67E+12,18-11-2022,DOGE,0.0000051,0.0000051,0.000005,0.0000051,12121.00747,0.061332298
1.67E+12,18-11-2022,DOGE,0.000005,0.0000051,0.0000049,0.0000051,42341.64684,0.214248733
1.67E+12,17-11-2022,DOGE,0.0000052,0.0000052,0.0000049,0.0000051,172065.7281,0.874093899
1.67E+12,17-11-2022,DOGE,0.0000051,0.0000052,0.0000049,0.000005,174777.0818,0.880876492
1.67E+12,16-11-2022,DOGE,0.0000052,0.0000052,0.0000049,0.0000052,72419.58276,0.372960851
1.67E+12,16-11-2022,DOGE,0.0000051,0.0000054,0.0000049,0.0000051,122558.8089,0.62872669
1.67E+12,15-11-2022,DOGE,0.0000052,0.0000052,0.0000051,0.0000052,67552.45241,0.349921703
1.67E+12,15-11-2022,DOGE,0.0000052,0.0000052,0.000005,0.0000051,72559.55591,0.372956117
1.67E+12,14-11-2022,DOGE,0.0000051,0.0000056,0.0000049,0.0000052,67997.73244,0.351548277
1.67E+12,14-11-2022,DOGE,0.0000051,0.0000056,0.0000049,0.0000052,95487.76295,0.497491245
1.67E+12,13-11-2022,DOGE,0.0000054,0.0000054,0.000005,0.0000051,82635.2447,0.418134338
1.67E+12,13-11-2022,DOGE,0.0000053,0.0000054,0.0000051,0.0000051,66177.53024,0.33949073
1.67E+12,12-11-2022,DOGE,0.0000049,0.0000057,0.0000047,0.0000054,278286.5501,1.491615909
1.67E+12,12-11-2022,DOGE,0.000005,0.0000057,0.0000047,0.0000053,263266.4743,1.38741432
1.67E+12,11-11-2022,DOGE,0.0000049,0.0000051,0.0000048,0.0000049,203001.9789,0.998769736
1.67E+12,11-11-2022,DOGE,0.0000051,0.0000053,0.0000048,0.000005,227851.9153,1.136981057
1.67E+12,10-11-2022,DOGE,0.0000049,0.0000053,0.0000048,0.0000049,85661.20928,0.423166374
1.67E+12,10-11-2022,DOGE,0.0000047,0.0000053,0.0000045,0.0000051,75284.90049,0.384705842
1.67E+12,09-11-2022,DOGE,0.0000046,0.000005,0.0000044,0.0000049,308140.2116,1.497561428
1.67E+12,09-11-2022,DOGE,0.0000048,0.0000052,0.0000044,0.0000047,439596.8296,2.070501067
1.67E+12,08-11-2022,DOGE,0.000005,0.0000055,0.0000044,0.0000046,1663033.043,7.716473321
1.67E+12,08-11-2022,DOGE,0.0000054,0.0000055,0.0000045,0.0000048,1722727.896,8.2690939
1.67E+12,07-11-2022,DOGE,0.0000057,0.0000057,0.000005,0.000005,493976.9619,2.489643888
1.67E+12,07-11-2022,DOGE,0.0000055,0.0000057,0.0000053,0.0000054,433673.4023,2.320152702
1.67E+12,06-11-2022,DOGE,0.0000059,0.000006,0.0000054,0.0000057,142295.5473,0.806815753
1.67E+12,06-11-2022,DOGE,0.0000059,0.000006,0.0000054,0.0000055,147434.5453,0.809415654
1.67E+12,05-11-2022,DOGE,0.0000058,0.0000063,0.0000057,0.0000059,391379.6414,2.31305368
1.67E+12,05-11-2022,DOGE,0.000006,0.0000063,0.0000057,0.0000059,410403.4989,2.404964504
1.67E+12,04-11-2022,DOGE,0.0000059,0.0000061,0.0000057,0.0000058,360217.0982,2.092861341
1.67E+12,04-11-2022,DOGE,0.000006,0.0000061,0.0000057,0.000006,468711.9571,2.798210384
1.67E+12,03-11-2022,DOGE,0.0000066,0.0000067,0.0000057,0.0000059,436451.8683,2.566336985
1.67E+12,03-11-2022,DOGE,0.0000063,0.0000067,0.000006,0.000006,354311.9069,2.136500799
1.67E+12,02-11-2022,DOGE,0.0000069,0.0000069,0.0000061,0.0000066,388565.374,2.560645814
1.67E+12,02-11-2022,DOGE,0.0000069,0.0000072,0.0000061,0.0000063,861777.1034,5.455049064
1.67E+12,01-11-2022,DOGE,0.0000062,0.0000077,0.0000061,0.0000069,1583896.958,10.91305004
1.67E+12,01-11-2022,DOGE,0.0000062,0.0000077,0.0000061,0.0000069,1561215.97,10.81922667
1.67E+12,31-10-2022,DOGE,0.000006,0.0000064,0.0000056,0.0000062,853269.4105,5.307335733
1.67E+12,31-10-2022,DOGE,0.0000057,0.0000064,0.0000056,0.0000062,957746.9382,5.928453547
1.67E+12,30-10-2022,DOGE,0.0000062,0.0000069,0.0000054,0.000006,1505006.532,8.984888997
1.67E+12,30-10-2022,DOGE,0.0000059,0.0000069,0.0000054,0.0000057,1880299.174,10.6989023
1.67E+12,29-10-2022,DOGE,0.0000042,0.0000072,0.0000041,0.0000062,3233830.091,19.92039336
1.67E+12,29-10-2022,DOGE,0.0000041,0.0000072,0.000004,0.0000059,2952416.924,17.27163901
1.67E+12,28-10-2022,DOGE,0.0000037,0.0000043,0.0000036,0.0000042,1310648.73,5.452298715
1.67E+12,28-10-2022,DOGE,0.0000038,0.0000043,0.0000036,0.0000041,1269907.789,5.143126546
1.67E+12,27-10-2022,DOGE,0.0000034,0.0000035,0.0000034,0.0000035,0,0
1.67E+12,27-10-2022,DOGE,0.0000037,0.0000041,0.0000036,0.0000037,1215751.534,4.449650616
1.67E+12,27-10-2022,DOGE,0.0000035,0.0000041,0.0000035,0.0000038,1056146.641,4.00279577
1.67E+12,26-10-2022,DOGE,0.0000034,0.0000035,0.0000034,0.0000035,0,0
1.67E+12,26-10-2022,DOGE,0.0000033,0.0000037,0.0000033,0.0000037,78548.74912,0.288273909
1.67E+12,26-10-2022,DOGE,0.0000031,0.0000035,0.0000031,0.0000035,444680.9497,1.556383324
1.67E+12,25-10-2022,DOGE,0.0000034,0.0000035,0.0000034,0.0000035,0,0
1.67E+12,25-10-2022,DOGE,0.0000031,0.0000033,0.0000031,0.0000033,74868.82278,0.244072362
1.67E+12,25-10-2022,DOGE,0.0000031,0.0000032,0.0000031,0.0000031,55789.83274,0.174622176
1.67E+12,24-10-2022,DOGE,0.0000034,0.0000035,0.0000034,0.0000035,0,0
1.67E+12,24-10-2022,DOGE,0.0000031,0.0000031,0.0000031,0.0000031,50645.70268,0.158014592
1.67E+12,24-10-2022,DOGE,0.0000031,0.0000031,0.0000031,0.0000031,49998.92935,0.152996724
1.67E+12,23-10-2022,DOGE,0.0000034,0.0000035,0.0000034,0.0000035,0,0
1.67E+12,23-10-2022,DOGE,0.0000031,0.0000031,0.0000031,0.0000031,40514.0735,0.125188487
1.67E+12,23-10-2022,DOGE,0.0000031,0.0000031,0.0000031,0.0000031,31873.15687,0.097850592
1.67E+12,22-10-2022,DOGE,0.0000034,0.0000035,0.0000034,0.0000035,0,0
1.67E+12,22-10-2022,DOGE,0.0000031,0.0000031,0.0000031,0.0000031,13498.08425,0.041979042
1.67E+12,22-10-2022,DOGE,0.0000031,0.0000031,0.0000031,0.0000031,19641.62602,0.060889041
1.67E+12,21-10-2022,DOGE,0.0000034,0.0000035,0.0000034,0.0000035,0,0
1.67E+12,21-10-2022,DOGE,0.0000031,0.0000031,0.000003,0.0000031,296438.3103,0.918958762
1.67E+12,21-10-2022,DOGE,0.0000031,0.0000031,0.000003,0.0000031,609115.0176,1.882165404
1.67E+12,20-10-2022,DOGE,0.0000034,0.0000035,0.0000034,0.0000035,0,0
1.67E+12,20-10-2022,DOGE,0.0000031,0.0000032,0.0000031,0.0000031,412054.3893,1.277368607
1.67E+12,20-10-2022,DOGE,0.0000031,0.0000032,0.0000031,0.0000031,540832.8106,1.687398369
1.67E+12,19-10-2022,DOGE,0.0000034,0.0000035,0.0000034,0.0000035,0,0
1.67E+12,19-10-2022,DOGE,0.0000031,0.0000032,0.000003,0.0000031,553076.6136,1.720068268
1.67E+12,19-10-2022,DOGE,0.0000031,0.0000032,0.000003,0.0000031,129777.7149,0.399715362
1.67E+12,18-10-2022,DOGE,0.0000034,0.0000035,0.0000034,0.0000035,0,0
1.67E+12,18-10-2022,DOGE,0.0000031,0.0000031,0.000003,0.0000031,128906.681,0.399610711
1.67E+12,18-10-2022,DOGE,0.0000031,0.0000031,0.000003,0.0000031,129920.0236,0.401452873
1.67E+12,17-10-2022,DOGE,0.0000034,0.0000035,0.0000034,0.0000035,0,0
1.67E+12,17-10-2022,DOGE,0.0000031,0.0000031,0.000003,0.0000031,46601.0533,0.142599223
1.67E+12,17-10-2022,DOGE,0.0000031,0.0000031,0.000003,0.0000031,45675.0144,0.140679044
1.67E+12,16-10-2022,DOGE,0.0000034,0.0000035,0.0000034,0.0000035,0,0
1.67E+12,16-10-2022,DOGE,0.0000031,0.0000031,0.000003,0.0000031,35242.13197,0.107488503
1.67E+12,16-10-2022,DOGE,0.0000031,0.0000031,0.000003,0.0000031,34021.65668,0.104106269
1.67E+12,15-10-2022,DOGE,0.0000034,0.0000035,0.0000034,0.0000035,0,0
1.67E+12,15-10-2022,DOGE,0.0000031,0.0000031,0.000003,0.0000031,27867.69931,0.086111191
1.67E+12,15-10-2022,DOGE,0.0000031,0.0000031,0.000003,0.0000031,59458.8741,0.182538743
1.67E+12,14-10-2022,DOGE,0.0000034,0.0000035,0.0000034,0.0000035,0,0
1.67E+12,14-10-2022,DOGE,0.0000031,0.0000031,0.000003,0.0000031,77305.86242,0.236555939
1.67E+12,14-10-2022,DOGE,0.0000031,0.0000031,0.000003,0.0000031,65741.78397,0.201169859
1.67E+12,13-10-2022,DOGE,0.0000034,0.0000035,0.0000034,0.0000035,0,0
1.67E+12,13-10-2022,DOGE,0.0000031,0.0000031,0.000003,0.0000031,94531.60843,0.290212038
1.67E+12,13-10-2022,DOGE,0.0000031,0.0000031,0.000003,0.0000031,86120.6623,0.266112847
1.67E+12,12-10-2022,DOGE,0.0000034,0.0000035,0.0000034,0.0000035,0,0
1.67E+12,12-10-2022,DOGE,0.0000032,0.0000032,0.0000031,0.0000031,26111.59288,0.080423706
1.67E+12,12-10-2022,DOGE,0.0000032,0.0000032,0.0000031,0.0000031,32798.29788,0.102986655
1.67E+12,11-10-2022,DOGE,0.0000034,0.0000035,0.0000034,0.0000035,0,0
1.67E+12,11-10-2022,DOGE,0.0000031,0.0000032,0.0000031,0.0000032,31043.78983,0.098408814
1.67E+12,11-10-2022,DOGE,0.0000031,0.0000032,0.000003,0.0000032,61418.18323,0.193467277
1.67E+12,10-10-2022,DOGE,0.0000034,0.0000035,0.0000034,0.0000035,0,0
1.67E+12,10-10-2022,DOGE,0.0000032,0.0000032,0.000003,0.0000031,192159.7478,0.593773621
1.67E+12,10-10-2022,DOGE,0.0000032,0.0000032,0.0000031,0.0000031,157561.8031,0.48844159
1.67E+12,09-10-2022,DOGE,0.0000034,0.0000035,0.0000034,0.0000035,0,0
1.67E+12,09-10-2022,DOGE,0.0000032,0.0000032,0.0000032,0.0000032,24547.65454,0.078307018
1.67E+12,09-10-2022,DOGE,0.0000032,0.0000032,0.0000032,0.0000032,25940.17225,0.082749149
1.67E+12,08-10-2022,DOGE,0.0000034,0.0000035,0.0000034,0.0000035,0,0
1.67E+12,08-10-2022,DOGE,0.0000032,0.0000032,0.0000032,0.0000032,55771.83485,0.176796716
1.67E+12,08-10-2022,DOGE,0.0000032,0.0000032,0.0000032,0.0000032,60504.29287,0.192403651
1.67E+12,07-10-2022,DOGE,0.0000034,0.0000035,0.0000034,0.0000035,0,0
1.67E+12,07-10-2022,DOGE,0.0000032,0.0000032,0.0000031,0.0000032,683717.1517,2.187894886
1.67E+12,07-10-2022,DOGE,0.0000032,0.0000032,0.0000031,0.0000032,695213.5038,2.217731077
1.67E+12,06-10-2022,DOGE,0.0000034,0.0000035,0.0000034,0.0000035,0,0
1.67E+12,06-10-2022,DOGE,0.0000032,0.0000032,0.0000032,0.0000032,68894.30899,0.217706016
1.67E+12,06-10-2022,DOGE,0.0000032,0.0000033,0.0000032,0.0000032,118542.4011,0.375779411
1.66E+12,05-10-2022,DOGE,0.0000034,0.0000035,0.0000034,0.0000035,0,0
1.66E+12,05-10-2022,DOGE,0.0000032,0.0000033,0.0000032,0.0000032,100998.3176,0.327234549
1.66E+12,05-10-2022,DOGE,0.0000033,0.0000033,0.0000032,0.0000032,460598.354,1.478520716
1.66E+12,04-10-2022,DOGE,0.0000034,0.0000035,0.0000034,0.0000035,0,0
1.66E+12,04-10-2022,DOGE,0.0000031,0.0000033,0.000003,0.0000032,539857.3373,1.738340626
1.66E+12,04-10-2022,DOGE,0.0000031,0.0000033,0.000003,0.0000033,147602.7211,0.479708843
1.66E+12,03-10-2022,DOGE,0.0000034,0.0000035,0.0000034,0.0000035,0,0
1.66E+12,03-10-2022,DOGE,0.0000031,0.0000031,0.0000031,0.0000031,40124.31867,0.123181658
1.66E+12,03-10-2022,DOGE,0.0000031,0.0000031,0.0000031,0.0000031,60657.44939,0.186824944
1.66E+12,02-10-2022,DOGE,0.0000034,0.0000035,0.0000034,0.0000035,0,0
1.66E+12,02-10-2022,DOGE,0.0000032,0.0000032,0.0000031,0.0000031,32875.31483,0.101913476
1.66E+12,02-10-2022,DOGE,0.0000032,0.0000032,0.0000031,0.0000031,12317.23872,0.038306612
1.66E+12,01-10-2022,DOGE,0.0000034,0.0000035,0.0000034,0.0000035,0,0
1.66E+12,01-10-2022,DOGE,0.0000032,0.0000032,0.0000031,0.0000032,51857.49319,0.163869678
1.66E+12,01-10-2022,DOGE,0.0000032,0.0000033,0.0000031,0.0000032,151326.7808,0.47667936
1.66E+12,30-09-2022,DOGE,0.0000034,0.0000035,0.0000034,0.0000035,0,0
1.66E+12,30-09-2022,DOGE,0.0000031,0.0000033,0.0000031,0.0000032,5397379.34,17.2176401
1.66E+12,30-09-2022,DOGE,0.0000031,0.0000032,0.0000031,0.0000032,5309669.271,16.83165159
1.66E+12,29-09-2022,DOGE,0.0000034,0.0000035,0.0000034,0.0000035,0,0
1.66E+12,29-09-2022,DOGE,0.0000031,0.0000031,0.0000031,0.0000031,198256.1688,0.616576685
1.66E+12,29-09-2022,DOGE,0.0000031,0.0000031,0.0000031,0.0000031,188291.2713,0.583702941
1.66E+12,28-09-2022,DOGE,0.0000034,0.0000035,0.0000034,0.0000035,0,0
1.66E+12,28-09-2022,DOGE,0.0000032,0.0000032,0.0000031,0.0000031,2767118.926,8.60573986
1.66E+12,28-09-2022,DOGE,0.0000032,0.0000032,0.0000031,0.0000031,5029599.379,15.69235006
1.66E+12,27-09-2022,DOGE,0.0000034,0.0000035,0.0000034,0.0000035,0,0
1.66E+12,27-09-2022,DOGE,0.0000031,0.0000032,0.0000031,0.0000032,25254.90269,0.079805492
1.66E+12,27-09-2022,DOGE,0.0000032,0.0000032,0.0000031,0.0000032,31043.73728,0.098719085
1.66E+12,26-09-2022,DOGE,0.0000034,0.0000035,0.0000034,0.0000035,0,0
1.66E+12,26-09-2022,DOGE,0.0000033,0.0000033,0.0000031,0.0000031,30126.4172,0.093693157
1.66E+12,26-09-2022,DOGE,0.0000033,0.0000033,0.0000032,0.0000032,24120.24308,0.076461171
1.66E+12,25-09-2022,DOGE,0.0000034,0.0000035,0.0000034,0.0000035,0,0
1.66E+12,25-09-2022,DOGE,0.0000033,0.0000033,0.0000032,0.0000033,45155.68234,0.146755968
1.66E+12,25-09-2022,DOGE,0.0000033,0.0000034,0.0000032,0.0000033,46382.62867,0.150743543
1.66E+12,24-09-2022,DOGE,0.0000034,0.0000035,0.0000034,0.0000035,0,0
1.66E+12,24-09-2022,DOGE,0.0000034,0.0000035,0.0000033,0.0000033,114712.1384,0.381991421
1.66E+12,24-09-2022,DOGE,0.0000033,0.0000036,0.0000033,0.0000033,267527.7663,0.893542739
1.66E+12,23-09-2022,DOGE,0.0000034,0.0000035,0.0000034,0.0000035,0,0
1.66E+12,23-09-2022,DOGE,0.0000032,0.0000036,0.0000031,0.0000034,10265714.19,35.31405681
1.66E+12,23-09-2022,DOGE,0.0000031,0.0000034,0.0000031,0.0000033,10118567.83,33.29008817
1.66E+12,22-09-2022,DOGE,0.0000034,0.0000035,0.0000034,0.0000035,0,0
1.66E+12,22-09-2022,DOGE,0.0000031,0.0000032,0.0000031,0.0000032,28749.29377,0.091135261
1.66E+12,22-09-2022,DOGE,0.0000031,0.0000031,0.0000031,0.0000031,22721.27548,0.069527103
1.66E+12,21-09-2022,DOGE,0.0000034,0.0000035,0.0000034,0.0000035,0,0
1.66E+12,21-09-2022,DOGE,0.0000031,0.0000031,0.000003,0.0000031,425195.3442,1.305349707
1.66E+12,21-09-2022,DOGE,0.0000031,0.0000031,0.000003,0.0000031,10374905.21,32.05845709
1.66E+12,20-09-2022,DOGE,0.0000034,0.0000035,0.0000034,0.0000035,0,0
1.66E+12,20-09-2022,DOGE,0.000003,0.0000032,0.000003,0.0000031,5114731.468,15.90681487
1.66E+12,20-09-2022,DOGE,0.000003,0.0000032,0.000003,0.0000031,62527.49512,0.19320996
1.66E+12,19-09-2022,DOGE,0.0000034,0.0000035,0.0000034,0.0000035,0,0
1.66E+12,19-09-2022,DOGE,0.000003,0.0000031,0.000003,0.000003,85943.66514,0.259549869
1.66E+12,19-09-2022,DOGE,0.000003,0.0000031,0.000003,0.000003,102484.6139,0.308478688
1.66E+12,18-09-2022,DOGE,0.0000034,0.0000035,0.0000034,0.0000035,0,0
1.66E+12,18-09-2022,DOGE,0.0000031,0.0000031,0.0000029,0.000003,92894.25105,0.280540638
1.66E+12,18-09-2022,DOGE,0.0000031,0.0000031,0.0000029,0.000003,75067.19965,0.222198911
1.66E+12,17-09-2022,DOGE,0.0000034,0.0000035,0.0000034,0.0000035,0,0
1.66E+12,17-09-2022,DOGE,0.0000031,0.0000031,0.000003,0.0000031,22613.91136,0.069198569
1.66E+12,17-09-2022,DOGE,0.0000031,0.0000031,0.000003,0.0000031,21560.99392,0.066623471
1.66E+12,16-09-2022,DOGE,0.0000034,0.0000035,0.0000034,0.0000035,0,0
1.66E+12,16-09-2022,DOGE,0.000003,0.0000031,0.000003,0.0000031,14337.42981,0.043729161
1.66E+12,16-09-2022,DOGE,0.000003,0.0000031,0.000003,0.0000031,17297.23321,0.052756561
1.66E+12,15-09-2022,DOGE,0.0000034,0.0000035,0.0000034,0.0000035,0,0
1.66E+12,15-09-2022,DOGE,0.000003,0.000003,0.000003,0.000003,40417.27617,0.121251829
1.66E+12,15-09-2022,DOGE,0.000003,0.0000031,0.000003,0.000003,44504.84161,0.132624428
1.66E+12,14-09-2022,DOGE,0.0000034,0.0000035,0.0000034,0.0000035,0,0
1.66E+12,14-09-2022,DOGE,0.000003,0.0000031,0.000003,0.000003,15349.08645,0.045893768
1.66E+12,14-09-2022,DOGE,0.000003,0.0000031,0.000003,0.000003,21226.91405,0.06410528
1.66E+12,13-09-2022,DOGE,0.0000034,0.0000035,0.0000034,0.0000035,0,0
1.66E+12,13-09-2022,DOGE,0.0000029,0.000003,0.0000028,0.000003,85781.86592,0.254772142
1.66E+12,13-09-2022,DOGE,0.0000029,0.000003,0.0000028,0.000003,84916.36849,0.251352451
1.66E+12,12-09-2022,DOGE,0.0000034,0.0000035,0.0000034,0.0000035,0,0
1.66E+12,12-09-2022,DOGE,0.0000029,0.0000029,0.0000028,0.0000029,63464.25076,0.180873115
1.66E+12,12-09-2022,DOGE,0.0000029,0.0000029,0.0000028,0.0000029,74641.76847,0.21272904
1.66E+12,11-09-2022,DOGE,0.0000034,0.0000035,0.0000034,0.0000035,0,0
1.66E+12,11-09-2022,DOGE,0.000003,0.000003,0.0000029,0.0000029,10042132.15,29.12218322
1.66E+12,11-09-2022,DOGE,0.000003,0.000003,0.0000029,0.0000029,10032015.51,29.29348528
1.66E+12,10-09-2022,DOGE,0.0000034,0.0000035,0.0000034,0.0000035,0,0
1.66E+12,10-09-2022,DOGE,0.000003,0.000003,0.000003,0.000003,75391.25649,0.225419857
1.66E+12,10-09-2022,DOGE,0.000003,0.000003,0.000003,0.000003,75642.48432,0.225414603
1.66E+12,09-09-2022,DOGE,0.0000034,0.0000035,0.0000034,0.0000035,0,0
1.66E+12,09-09-2022,DOGE,0.0000031,0.0000031,0.000003,0.000003,1548923.936,4.646771808
1.66E+12,09-09-2022,DOGE,0.0000032,0.0000032,0.000003,0.000003,1599211.329,4.797633988
1.66E+12,08-09-2022,DOGE,0.0000034,0.0000035,0.0000034,0.0000035,0,0
1.66E+12,08-09-2022,DOGE,0.0000032,0.0000032,0.0000031,0.0000031,68357.19788,0.213274457
1.66E+12,08-09-2022,DOGE,0.0000032,0.0000032,0.0000031,0.0000032,17359.9338,0.054683791
1.66E+12,07-09-2022,DOGE,0.0000034,0.0000035,0.0000034,0.0000035,0,0
1.66E+12,07-09-2022,DOGE,0.0000031,0.0000032,0.0000031,0.0000032,39127.17248,0.124033137
1.66E+12,07-09-2022,DOGE,0.0000031,0.0000032,0.0000031,0.0000032,112576.4202,0.356867252
1.66E+12,06-09-2022,DOGE,0.0000034,0.0000035,0.0000034,0.0000035,0,0
1.66E+12,06-09-2022,DOGE,0.0000032,0.0000032,0.0000031,0.0000031,98263.68598,0.305600063
1.66E+12,06-09-2022,DOGE,0.0000032,0.0000033,0.0000031,0.0000031,124109.2008,0.387220706
1.66E+12,05-09-2022,DOGE,0.0000034,0.0000035,0.0000034,0.0000035,0,0
1.66E+12,05-09-2022,DOGE,0.0000032,0.0000033,0.0000031,0.0000032,54695.11932,0.174477431
1.66E+12,05-09-2022,DOGE,0.0000032,0.0000032,0.0000031,0.0000032,13921.53453,0.04427048
1.66E+12,04-09-2022,DOGE,0.0000034,0.0000035,0.0000034,0.0000035,0,0
1.66E+12,04-09-2022,DOGE,0.0000032,0.0000032,0.0000032,0.0000032,42823.77945,0.136179619
1.66E+12,04-09-2022,DOGE,0.0000032,0.0000032,0.0000032,0.0000032,41984.17706,0.13267
1.66E+12,03-09-2022,DOGE,0.0000034,0.0000035,0.0000034,0.0000035,0,0
1.66E+12,03-09-2022,DOGE,0.0000031,0.0000032,0.0000031,0.0000032,121200.6909,0.38420619
1.66E+12,03-09-2022,DOGE,0.0000031,0.0000032,0.0000031,0.0000032,120997.0724,0.381140778
1.66E+12,02-09-2022,DOGE,0.0000034,0.0000035,0.0000034,0.0000035,0,0
1.66E+12,02-09-2022,DOGE,0.0000031,0.0000031,0.0000031,0.0000031,45752.0045,0.140916174
1.66E+12,02-09-2022,DOGE,0.0000031,0.0000031,0.0000031,0.0000031,44777.6685,0.137915219
1.66E+12,01-09-2022,DOGE,0.0000034,0.0000035,0.0000034,0.0000035,0,0
1.66E+12,01-09-2022,DOGE,0.000003,0.0000031,0.000003,0.0000031,47390.77291,0.146437488
1.66E+12,01-09-2022,DOGE,0.0000031,0.0000031,0.000003,0.0000031,60933.99055,0.188895371
1.66E+12,31-08-2022,DOGE,0.0000034,0.0000035,0.0000034,0.0000035,0,0
1.66E+12,31-08-2022,DOGE,0.0000031,0.0000031,0.000003,0.000003,30668.01179,0.092924076
1.66E+12,31-08-2022,DOGE,0.0000031,0.0000031,0.0000031,0.0000031,41606.76442,0.127316699
1.66E+12,30-08-2022,DOGE,0.0000034,0.0000035,0.0000034,0.0000035,0,0
1.66E+12,30-08-2022,DOGE,0.0000031,0.0000032,0.0000031,0.0000031,48756.95533,0.151146562
1.66E+12,30-08-2022,DOGE,0.0000031,0.0000032,0.0000031,0.0000031,59155.21307,0.183972713
1.66E+12,29-08-2022,DOGE,0.0000034,0.0000035,0.0000034,0.0000035,0,0
1.66E+12,29-08-2022,DOGE,0.0000031,0.0000032,0.0000031,0.0000031,21270.4673,0.066576563
1.66E+12,29-08-2022,DOGE,0.0000032,0.0000032,0.0000031,0.0000031,10370.48614,0.032563326
1.66E+12,28-08-2022,DOGE,0.0000034,0.0000035,0.0000034,0.0000035,0,0
1.66E+12,28-08-2022,DOGE,0.0000032,0.0000032,0.0000031,0.0000031,55311.86536,0.173126139
1.66E+12,28-08-2022,DOGE,0.0000032,0.0000032,0.0000031,0.0000032,54690.8175,0.172276075
1.66E+12,27-08-2022,DOGE,0.0000034,0.0000035,0.0000034,0.0000035,0,0
1.66E+12,27-08-2022,DOGE,0.0000032,0.0000032,0.0000031,0.0000032,39248.42396,0.124417504
1.66E+12,27-08-2022,DOGE,0.0000031,0.0000032,0.0000031,0.0000032,45113.25598,0.143009021
1.66E+12,26-08-2022,DOGE,0.0000034,0.0000035,0.0000034,0.0000035,0,0
1.66E+12,26-08-2022,DOGE,0.0000032,0.0000032,0.0000031,0.0000032,175642.1233,0.553272688
1.66E+12,26-08-2022,DOGE,0.0000032,0.0000032,0.0000031,0.0000031,175954.8812,0.550738778
1.66E+12,25-08-2022,DOGE,0.0000034,0.0000035,0.0000034,0.0000035,0,0
1.66E+12,25-08-2022,DOGE,0.0000032,0.0000033,0.0000032,0.0000032,101326.1093,0.325256811
1.66E+12,25-08-2022,DOGE,0.0000032,0.0000033,0.0000032,0.0000032,94069.74705,0.301023191
1.66E+12,24-08-2022,DOGE,0.0000034,0.0000035,0.0000034,0.0000035,0,0
1.66E+12,24-08-2022,DOGE,0.0000032,0.0000032,0.0000032,0.0000032,31037.87805,0.098700452
1.66E+12,24-08-2022,DOGE,0.0000032,0.0000032,0.0000032,0.0000032,64466.07788,0.204357467
1.66E+12,23-08-2022,DOGE,0.0000034,0.0000035,0.0000034,0.0000035,0,0
1.66E+12,23-08-2022,DOGE,0.0000032,0.0000032,0.0000032,0.0000032,80474.37086,0.254299012
1.66E+12,23-08-2022,DOGE,0.0000032,0.0000032,0.0000032,0.0000032,81213.21183,0.259882278
1.66E+12,22-08-2022,DOGE,0.0000034,0.0000035,0.0000034,0.0000035,0,0
1.66E+12,22-08-2022,DOGE,0.0000032,0.0000032,0.0000031,0.0000032,182173.1112,0.588419149
1.66E+12,22-08-2022,DOGE,0.0000032,0.0000032,0.0000031,0.0000032,192663.6746,0.614597122
1.66E+12,21-08-2022,DOGE,0.0000034,0.0000035,0.0000034,0.0000035,0,0
1.66E+12,21-08-2022,DOGE,0.0000032,0.0000033,0.0000032,0.0000032,188589.3793,0.60160012
1.66E+12,21-08-2022,DOGE,0.0000033,0.0000033,0.0000032,0.0000032,213707.3948,0.688137811
1.66E+12,20-08-2022,DOGE,0.0000034,0.0000035,0.0000034,0.0000035,0,0
1.66E+12,20-08-2022,DOGE,0.0000033,0.0000033,0.0000032,0.0000032,186617.9997,0.602776139
1.66E+12,20-08-2022,DOGE,0.0000033,0.0000033,0.0000032,0.0000033,172167.5943,0.562988033
1.66E+12,19-08-2022,DOGE,0.0000034,0.0000035,0.0000034,0.0000035,0,0
1.66E+12,19-08-2022,DOGE,0.0000033,0.0000033,0.0000032,0.0000033,411949.5511,1.355314023
1.66E+12,19-08-2022,DOGE,0.0000032,0.0000033,0.0000032,0.0000033,513669.9164,1.674563927
1.66E+12,18-08-2022,DOGE,0.0000034,0.0000035,0.0000034,0.0000035,0,0
1.66E+12,18-08-2022,DOGE,0.0000035,0.0000035,0.0000032,0.0000033,290612.3319,0.944490079
1.66E+12,18-08-2022,DOGE,0.0000034,0.0000035,0.0000032,0.0000032,162621.9828,0.523642785
1.66E+12,17-08-2022,DOGE,0.0000034,0.0000035,0.0000034,0.0000035,0,0
1.66E+12,17-08-2022,DOGE,0.0000035,0.0000037,0.0000034,0.0000035,218428.4314,0.753578088
1.66E+12,17-08-2022,DOGE,0.0000036,0.0000037,0.0000034,0.0000034,242385.1753,0.833805003
1.66E+12,16-08-2022,DOGE,0.0000034,0.0000035,0.0000034,0.0000035,0,0
1.66E+12,16-08-2022,DOGE,0.0000033,0.0000038,0.0000033,0.0000035,436111.0507,1.54383312
1.66E+12,16-08-2022,DOGE,0.0000032,0.0000038,0.0000032,0.0000036,8903980.868,32.32145055
1.66E+12,15-08-2022,DOGE,0.0000034,0.0000035,0.0000034,0.0000035,0,0
1.66E+12,15-08-2022,DOGE,0.0000032,0.0000033,0.0000031,0.0000033,8771940.088,28.94740229
1.66E+12,15-08-2022,DOGE,0.0000034,0.0000034,0.0000031,0.0000032,479411.3491,1.529322204
1.66E+12,14-08-2022,DOGE,0.0000034,0.0000035,0.0000034,0.0000035,0,0
1.66E+12,14-08-2022,DOGE,0.000003,0.0000034,0.000003,0.0000032,10910657.27,35.24142299
1.66E+12,14-08-2022,DOGE,0.000003,0.0000034,0.000003,0.0000034,10707818.71,35.97827085
1.66E+12,13-08-2022,DOGE,0.0000034,0.0000035,0.0000034,0.0000035,0,0
1.66E+12,13-08-2022,DOGE,0.000003,0.0000031,0.000003,0.000003,48868.04861,0.147581507
1.66E+12,13-08-2022,DOGE,0.000003,0.0000031,0.0000029,0.000003,205605.6429,0.614760872
1.66E+12,12-08-2022,DOGE,0.0000034,0.0000035,0.0000034,0.0000035,0,0
1.66E+12,12-08-2022,DOGE,0.000003,0.000003,0.000003,0.000003,258855.2276,0.766211474
1.66E+12,12-08-2022,DOGE,0.000003,0.000003,0.0000029,0.000003,198718.2608,0.588206052
1.66E+12,11-08-2022,DOGE,0.0000034,0.0000035,0.0000034,0.0000035,0,0
1.66E+12,11-08-2022,DOGE,0.000003,0.000003,0.0000029,0.000003,45295.1807,0.134979638
1.66E+12,11-08-2022,DOGE,0.000003,0.000003,0.0000029,0.000003,138202.7043,0.407697978
1.66E+12,10-08-2022,DOGE,0.0000034,0.0000035,0.0000034,0.0000035,0,0
1.66E+12,10-08-2022,DOGE,0.000003,0.000003,0.0000029,0.000003,140929.3607,0.415741614
1.66E+12,10-08-2022,DOGE,0.000003,0.000003,0.0000029,0.000003,211635.234,0.628556645
1.66E+12,09-08-2022,DOGE,0.0000034,0.0000035,0.0000034,0.0000035,0,0
1.66E+12,09-08-2022,DOGE,0.000003,0.0000031,0.0000029,0.000003,312071.104,0.926851179
1.66E+12,09-08-2022,DOGE,0.000003,0.0000031,0.0000029,0.000003,246766.3591,0.73536375
1.66E+12,08-08-2022,DOGE,0.0000034,0.0000035,0.0000034,0.0000035,0,0
1.66E+12,08-08-2022,DOGE,0.000003,0.000003,0.0000029,0.000003,10085420.37,29.8528443
1.66E+12,08-08-2022,DOGE,0.000003,0.000003,0.0000029,0.000003,10074028.79,29.71838494
1.66E+12,07-08-2022,DOGE,0.0000034,0.0000035,0.0000034,0.0000035,0,0
1.66E+12,07-08-2022,DOGE,0.000003,0.000003,0.000003,0.000003,18098.50094,0.054295503
1.66E+12,07-08-2022,DOGE,0.000003,0.000003,0.000003,0.000003,20554.68231,0.061047406
1.66E+12,06-08-2022,DOGE,0.0000034,0.0000035,0.0000034,0.0000035,0,0
1.66E+12,06-08-2022,DOGE,0.000003,0.000003,0.000003,0.000003,68034.64294,0.20206289
1.66E+12,06-08-2022,DOGE,0.000003,0.0000031,0.000003,0.000003,72760.61936,0.216826646
1.66E+12,05-08-2022,DOGE,0.0000034,0.0000035,0.0000034,0.0000035,0,0
1.66E+12,05-08-2022,DOGE,0.000003,0.0000031,0.0000029,0.000003,132445.0416,0.399984026
1.66E+12,05-08-2022,DOGE,0.000003,0.000003,0.0000029,0.000003,131940.7962,0.395822388
1.66E+12,04-08-2022,DOGE,0.0000034,0.0000035,0.0000034,0.0000035,0,0
1.66E+12,04-08-2022,DOGE,0.0000029,0.000003,0.0000029,0.000003,94936.12208,0.28006156
1.66E+12,04-08-2022,DOGE,0.0000029,0.000003,0.0000029,0.000003,86497.74097,0.256898291
1.66E+12,03-08-2022,DOGE,0.0000034,0.0000035,0.0000034,0.0000035,0,0
1.66E+12,03-08-2022,DOGE,0.0000029,0.0000029,0.0000029,0.0000029,23000.29207,0.066470844
1.66E+12,03-08-2022,DOGE,0.0000029,0.0000029,0.0000029,0.0000029,53640.89089,0.155022175
1.66E+12,02-08-2022,DOGE,0.0000034,0.0000035,0.0000034,0.0000035,0,0
1.66E+12,02-08-2022,DOGE,0.0000029,0.0000029,0.0000029,0.0000029,45128.92186,0.131325163
1.66E+12,02-08-2022,DOGE,0.000003,0.000003,0.0000029,0.0000029,52043.30719,0.150925591
1.66E+12,01-08-2022,DOGE,0.0000034,0.0000035,0.0000034,0.0000035,0,0
1.66E+12,01-08-2022,DOGE,0.000003,0.000003,0.0000029,0.0000029,231866.1289,0.670093113
1.66E+12,01-08-2022,DOGE,0.0000029,0.000003,0.0000029,0.000003,266651.7283,0.786622599
1.66E+12,31-07-2022,DOGE,0.0000034,0.0000035,0.0000034,0.0000035,0,0
1.66E+12,31-07-2022,DOGE,0.000003,0.000003,0.0000029,0.000003,144959.8663,0.434879599
1.66E+12,31-07-2022,DOGE,0.0000029,0.000003,0.0000029,0.0000029,214672.6427,0.628990843
1.66E+12,30-07-2022,DOGE,0.0000034,0.0000035,0.0000034,0.0000035,0,0
1.66E+12,30-07-2022,DOGE,0.0000029,0.0000031,0.0000029,0.000003,251640.8293,0.744856855
1.66E+12,30-07-2022,DOGE,0.0000029,0.0000031,0.0000029,0.0000029,141656.0111,0.416468673
1.66E+12,29-07-2022,DOGE,0.0000034,0.0000035,0.0000034,0.0000035,0,0
1.66E+12,29-07-2022,DOGE,0.000003,0.000003,0.0000029,0.0000029,75244.90995,0.21745779
1.66E+12,29-07-2022,DOGE,0.0000029,0.000003,0.0000029,0.0000029,74369.46673,0.215671454
1.66E+12,28-07-2022,DOGE,0.0000034,0.0000035,0.0000034,0.0000035,0,0
1.66E+12,28-07-2022,DOGE,0.0000029,0.000003,0.0000029,0.000003,174106.1448,0.518836311
1.66E+12,28-07-2022,DOGE,0.0000029,0.0000029,0.0000029,0.0000029,240161.0472,0.696467037
1.66E+12,27-07-2022,DOGE,0.0000034,0.0000035,0.0000034,0.0000035,0,0
1.66E+12,27-07-2022,DOGE,0.000003,0.000003,0.0000029,0.0000029,364243.2441,1.052662975
1.66E+12,27-07-2022,DOGE,0.0000029,0.000003,0.0000029,0.0000029,352581.6002,1.029538273
1.66E+12,26-07-2022,DOGE,0.0000034,0.0000035,0.0000034,0.0000035,0,0
1.66E+12,26-07-2022,DOGE,0.0000029,0.000003,0.0000029,0.000003,11823.50106,0.034879328
1.66E+12,26-07-2022,DOGE,0.0000029,0.0000029,0.0000029,0.0000029,19827.4898,0.05829282
1.66E+12,25-07-2022,DOGE,0.0000034,0.0000035,0.0000034,0.0000035,0,0
1.66E+12,25-07-2022,DOGE,0.000003,0.000003,0.0000029,0.0000029,57292.27407,0.166720518
1.66E+12,25-07-2022,DOGE,0.000003,0.000003,0.0000029,0.0000029,66301.01164,0.192935944
1.66E+12,24-07-2022,DOGE,0.0000034,0.0000035,0.0000034,0.0000035,0,0
1.66E+12,24-07-2022,DOGE,0.000003,0.0000031,0.0000029,0.000003,46564.84346,0.137366288
1.66E+12,24-07-2022,DOGE,0.000003,0.0000031,0.000003,0.000003,47211.79792,0.141635394
1.66E+12,23-07-2022,DOGE,0.0000034,0.0000035,0.0000034,0.0000035,0,0
1.66E+12,23-07-2022,DOGE,0.000003,0.0000031,0.000003,0.000003,78920.52351,0.239129186
1.66E+12,23-07-2022,DOGE,0.000003,0.000003,0.000003,0.000003,59134.66117,0.179178023
1.66E+12,22-07-2022,DOGE,0.0000034,0.0000035,0.0000034,0.0000035,0,0
1.66E+12,22-07-2022,DOGE,0.000003,0.000003,0.0000029,0.000003,129279.1943,0.387837583
1.66E+12,22-07-2022,DOGE,0.000003,0.000003,0.0000029,0.000003,128857.2492,0.38270603
1.66E+12,21-07-2022,DOGE,0.0000034,0.0000035,0.0000034,0.0000035,0,0
1.66E+12,21-07-2022,DOGE,0.000003,0.000003,0.000003,0.000003,126418.83,0.384313243
1.66E+12,21-07-2022,DOGE,0.000003,0.000003,0.000003,0.000003,261492.5415,0.789707475
1.66E+12,20-07-2022,DOGE,0.0000034,0.0000035,0.0000034,0.0000035,0,0
1.66E+12,20-07-2022,DOGE,0.000003,0.0000033,0.0000029,0.000003,396861.368,1.190584104
1.66E+12,20-07-2022,DOGE,0.000003,0.0000033,0.0000029,0.000003,265147.4126,0.800745186
1.66E+12,19-07-2022,DOGE,0.0000034,0.0000035,0.0000034,0.0000035,0,0
1.66E+12,19-07-2022,DOGE,0.000003,0.0000031,0.0000029,0.000003,249394.3133,0.740701111
1.66E+12,19-07-2022,DOGE,0.000003,0.0000031,0.0000029,0.000003,258793.6622,0.763441304
1.66E+12,18-07-2022,DOGE,0.0000034,0.0000035,0.0000034,0.0000035,0,0
1.66E+12,18-07-2022,DOGE,0.0000031,0.0000031,0.000003,0.000003,151495.9385,0.457517734
1.66E+12,18-07-2022,DOGE,0.000003,0.0000031,0.000003,0.000003,153949.7432,0.463388727
1.66E+12,17-07-2022,DOGE,0.0000034,0.0000035,0.0000034,0.0000035,0,0
1.66E+12,17-07-2022,DOGE,0.000003,0.0000031,0.000003,0.0000031,82222.63561,0.250779039
1.66E+12,17-07-2022,DOGE,0.000003,0.0000031,0.000003,0.000003,107915.8665,0.328064234
1.66E+12,16-07-2022,DOGE,0.0000034,0.0000035,0.0000034,0.0000035,0,0
1.66E+12,16-07-2022,DOGE,0.000003,0.0000031,0.000003,0.000003,80881.60556,0.244262449
1.66E+12,16-07-2022,DOGE,0.000003,0.0000031,0.000003,0.000003,57027.70463,0.173364222
1.66E+12,15-07-2022,DOGE,0.000003,0.000003,0.000003,0.000003,9615.668486,0.029039319
1.66E+12,15-07-2022,DOGE,0.0000031,0.0000031,0.000003,0.000003,118338.7878,0.357383139
1.66E+12,15-07-2022,DOGE,0.000003,0.0000031,0.000003,0.000003,109676.8565,0.331224107
1.66E+12,14-07-2022,DOGE,0.000003,0.0000031,0.000003,0.000003,167146.9665,0.508126778
1.66E+12,14-07-2022,DOGE,0.000003,0.0000031,0.000003,0.0000031,89629.10624,0.273368774
1.66E+12,13-07-2022,DOGE,0.0000031,0.0000031,0.000003,0.000003,41058.91587,0.124408515
1.66E+12,13-07-2022,DOGE,0.0000031,0.0000031,0.000003,0.000003,6021.254497,0.018304614
1.66E+12,12-07-2022,DOGE,0.0000031,0.0000031,0.000003,0.0000031,75779.49768,0.231885263
1.66E+12,12-07-2022,DOGE,0.0000031,0.0000032,0.0000031,0.0000031,67578.7112,0.208818218
1.66E+12,11-07-2022,DOGE,0.0000032,0.0000032,0.0000031,0.0000031,135505.7865,0.41871288
1.66E+12,11-07-2022,DOGE,0.0000032,0.0000032,0.0000031,0.0000031,106535.6313,0.331325813
1.66E+12,10-07-2022,DOGE,0.0000032,0.0000032,0.0000031,0.0000032,45933.37943,0.144690145
1.66E+12,10-07-2022,DOGE,0.0000032,0.0000032,0.0000031,0.0000032,63716.94778,0.204531402
1.66E+12,09-07-2022,DOGE,0.0000032,0.0000032,0.0000032,0.0000032,121399.6047,0.388478735
1.66E+12,09-07-2022,DOGE,0.0000032,0.0000032,0.0000032,0.0000032,100619.3274,0.321981848
1.66E+12,08-07-2022,DOGE,0.0000032,0.0000032,0.0000032,0.0000032,101134.5504,0.324641907
1.66E+12,08-07-2022,DOGE,0.0000033,0.0000033,0.0000032,0.0000032,179317.03,0.575607666
1.66E+12,07-07-2022,DOGE,0.0000034,0.0000034,0.0000032,0.0000032,1631646.922,5.23758662
1.66E+12,07-07-2022,DOGE,0.0000034,0.0000034,0.0000032,0.0000033,1580036.725,5.135119357
1.66E+12,06-07-2022,DOGE,0.0000034,0.0000034,0.0000033,0.0000034,84755.24377,0.286472724
1.66E+12,06-07-2022,DOGE,0.0000034,0.0000034,0.0000033,0.0000034,49230.4623,0.164922049
1.66E+12,05-07-2022,DOGE,0.0000034,0.0000034,0.0000033,0.0000034,2964393.394,9.930717869
1.66E+12,05-07-2022,DOGE,0.0000034,0.0000034,0.0000033,0.0000034,2973990.209,9.962867201
1.66E+12,04-07-2022,DOGE,0.0000034,0.0000035,0.0000034,0.0000034,41559.32943,0.140470533
1.66E+12,04-07-2022,DOGE,0.0000035,0.0000035,0.0000034,0.0000034,35057.31013,0.119896001
1.66E+12,03-07-2022,DOGE,0.0000034,0.0000036,0.0000033,0.0000034,4723259.553,16.20078027
1.66E+12,03-07-2022,DOGE,0.0000034,0.0000036,0.0000033,0.0000035,4724722.794,16.44203532
1.66E+12,02-07-2022,DOGE,0.0000035,0.0000035,0.0000034,0.0000034,51482.69881,0.177100484
1.66E+12,02-07-2022,DOGE,0.0000035,0.0000035,0.0000034,0.0000034,52368.39789,0.180147289
1.66E+12,01-07-2022,DOGE,0.0000034,0.0000035,0.0000034,0.0000035,116592.2144,0.40807275
1.66E+12,01-07-2022,DOGE,0.0000034,0.0000035,0.0000033,0.0000035,127181.793,0.44259264
1.66E+12,30-06-2022,DOGE,0.0000033,0.0000034,0.0000033,0.0000034,192477.3848,0.650573561
1.66E+12,30-06-2022,DOGE,0.0000034,0.0000034,0.0000033,0.0000034,207574.1482,0.695373397
1.66E+12,29-06-2022,DOGE,0.0000033,0.0000035,0.0000033,0.0000033,177635.2051,0.593301585
1.66E+12,29-06-2022,DOGE,0.0000033,0.0000035,0.0000033,0.0000034,123778.2575,0.422083858
1.66E+12,28-06-2022,DOGE,0.0000034,0.0000034,0.0000032,0.0000033,154066.2596,0.506877994
1.66E+12,28-06-2022,DOGE,0.0000034,0.0000035,0.0000032,0.0000033,161008.3985,0.531327715
1.66E+12,27-06-2022,DOGE,0.0000036,0.0000036,0.0000034,0.0000034,142515.1135,0.488826839
1.66E+12,27-06-2022,DOGE,0.0000035,0.0000037,0.0000034,0.0000034,175025.1549,0.591585023
1.66E+12,26-06-2022,DOGE,0.0000033,0.0000037,0.0000033,0.0000036,662636.9915,2.35236132
1.66E+12,26-06-2022,DOGE,0.0000032,0.0000036,0.0000032,0.0000035,684160.2975,2.41508585
1.66E+12,25-06-2022,DOGE,0.0000031,0.0000034,0.0000031,0.0000033,126017.3706,0.420898018
1.66E+12,25-06-2022,DOGE,0.0000032,0.0000032,0.0000031,0.0000032,59382.93152,0.188243893
1.66E+12,24-06-2022,DOGE,0.0000032,0.0000032,0.0000031,0.0000031,114155.7923,0.358449188
1.66E+12,24-06-2022,DOGE,0.0000031,0.0000032,0.0000031,0.0000032,123207.9701,0.390569265
1.66E+12,23-06-2022,DOGE,0.0000031,0.0000032,0.000003,0.0000032,174356.3741,0.55445327
1.66E+12,23-06-2022,DOGE,0.0000031,0.0000032,0.000003,0.0000031,175907.5364,0.547072438
1.66E+12,22-06-2022,DOGE,0.0000031,0.0000032,0.0000031,0.0000031,104005.5406,0.323457231
1.66E+12,22-06-2022,DOGE,0.0000031,0.0000031,0.0000031,0.0000031,72403.22285,0.224449991
1.66E+12,21-06-2022,DOGE,0.0000031,0.0000032,0.0000031,0.0000031,275767.8281,0.846607232
1.66E+12,21-06-2022,DOGE,0.0000029,0.0000031,0.0000029,0.0000031,3341.4171,0.010324979
1.66E+12,20-06-2022,DOGE,0.0000029,0.0000032,0.0000029,0.0000031,274988.3424,0.841464328
1.66E+12,20-06-2022,DOGE,0.0000029,0.000003,0.0000029,0.0000029,85509.34219,0.249687279
1.66E+12,19-06-2022,DOGE,0.0000029,0.0000031,0.0000029,0.0000029,175916.1225,0.513675078
1.66E+12,19-06-2022,DOGE,0.0000028,0.0000032,0.0000028,0.0000029,425182.0207,1.2415315
1.66E+12,18-06-2022,DOGE,0.0000028,0.0000032,0.0000028,0.0000029,403025.6919,1.180865277
1.66E+12,18-06-2022,DOGE,0.0000028,0.0000029,0.0000027,0.0000028,379947.928,1.075252636
1.66E+12,17-06-2022,DOGE,0.0000027,0.0000028,0.0000027,0.0000028,386089.1036,1.08104949
1.66E+12,17-06-2022,DOGE,0.0000027,0.0000028,0.0000027,0.0000028,149686.6949,0.414632145
1.66E+12,16-06-2022,DOGE,0.0000027,0.0000028,0.0000026,0.0000027,173563.9409,0.475565198
1.66E+12,16-06-2022,DOGE,0.0000027,0.0000028,0.0000026,0.0000027,190361.7435,0.521591177
1.66E+12,15-06-2022,DOGE,0.0000025,0.0000028,0.0000025,0.0000027,248244.9218,0.662813941
1.66E+12,15-06-2022,DOGE,0.0000025,0.0000028,0.0000025,0.0000027,196469.1863,0.530466803
1.66E+12,14-06-2022,DOGE,0.0000025,0.0000026,0.0000025,0.0000025,189568.5291,0.477712693
1.66E+12,14-06-2022,DOGE,0.0000025,0.0000026,0.0000025,0.0000025,226751.5217,0.566878804
1.66E+12,13-06-2022,DOGE,0.0000023,0.0000026,0.0000023,0.0000025,187186.7576,0.469838762
1.66E+12,13-06-2022,DOGE,0.0000024,0.0000025,0.0000022,0.0000025,349705.2426,0.874263106
1.66E+12,12-06-2022,DOGE,0.0000024,0.0000025,0.0000022,0.0000023,434272.1373,0.990140473
1.66E+12,12-06-2022,DOGE,0.0000024,0.0000025,0.0000023,0.0000024,242778.1878,0.572956523
1.65E+12,11-06-2022,DOGE,0.0000025,0.0000025,0.0000023,0.0000024,150048.1148,0.355614032
1.65E+12,11-06-2022,DOGE,0.0000026,0.0000026,0.0000024,0.0000024,167816.1082,0.401080499
1.65E+12,10-06-2022,DOGE,0.0000026,0.0000026,0.0000025,0.0000025,130406.8534,0.322104928
1.65E+12,10-06-2022,DOGE,0.0000026,0.0000027,0.0000026,0.0000026,83800.48545,0.217043257
1.65E+12,09-06-2022,DOGE,0.0000026,0.0000027,0.0000026,0.0000026,43464.96155,0.1130089
1.65E+12,09-06-2022,DOGE,0.0000026,0.0000027,0.0000026,0.0000026,35465.28937,0.093628364
1.65E+12,08-06-2022,DOGE,0.0000026,0.0000027,0.0000026,0.0000026,17193.64188,0.045391215
1.65E+12,08-06-2022,DOGE,0.0000027,0.0000027,0.0000026,0.0000026,10750.73002,0.02827442
1.65E+12,07-06-2022,DOGE,0.0000027,0.0000027,0.0000026,0.0000026,150574.3071,0.396010428
1.65E+12,07-06-2022,DOGE,0.0000027,0.0000027,0.0000026,0.0000027,91059.84082,0.241308578
1.65E+12,06-06-2022,DOGE,0.0000027,0.0000027,0.0000026,0.0000027,125906.8217,0.33868935
1.65E+12,06-06-2022,DOGE,0.0000027,0.0000027,0.0000026,0.0000027,144615.0995,0.389014618
1.65E+12,05-06-2022,DOGE,0.0000027,0.0000028,0.0000026,0.0000027,104427.529,0.277777227
1.65E+12,05-06-2022,DOGE,0.0000027,0.0000028,0.0000027,0.0000027,85367.44481,0.226223729
1.65E+12,04-06-2022,DOGE,0.0000027,0.0000028,0.0000027,0.0000027,36969.216,0.101295652
1.65E+12,04-06-2022,DOGE,0.0000027,0.0000028,0.0000027,0.0000027,38394.69542,0.104817518
1.65E+12,03-06-2022,DOGE,0.0000027,0.0000028,0.0000027,0.0000027,35173.95813,0.095673166
1.65E+12,03-06-2022,DOGE,0.0000027,0.0000027,0.0000027,0.0000027,25448.55155,0.068711089
1.65E+12,02-06-2022,DOGE,0.0000027,0.0000027,0.0000027,0.0000027,48504.63944,0.130962526
1.65E+12,02-06-2022,DOGE,0.0000027,0.0000027,0.0000027,0.0000027,41460.74549,0.111944013
1.65E+12,01-06-2022,DOGE,0.0000027,0.0000028,0.0000027,0.0000027,28510.60357,0.077263736
1.65E+12,01-06-2022,DOGE,0.0000027,0.0000028,0.0000027,0.0000027,53741.44151,0.145101892
1.65E+12,31-05-2022,DOGE,0.0000027,0.0000028,0.0000027,0.0000027,97964.51138,0.268422761
1.65E+12,31-05-2022,DOGE,0.0000028,0.0000028,0.0000027,0.0000027,108050.135,0.291735365
1.65E+12,30-05-2022,DOGE,0.0000028,0.0000028,0.0000027,0.0000027,90363.52747,0.243981524
1.65E+12,30-05-2022,DOGE,0.0000028,0.0000028,0.0000027,0.0000028,54194.6893,0.149035396
1.65E+12,29-05-2022,DOGE,0.0000028,0.0000029,0.0000028,0.0000028,114499.2639,0.318307954
1.65E+12,29-05-2022,DOGE,0.0000028,0.0000029,0.0000028,0.0000028,235939.8834,0.658272275
1.65E+12,28-05-2022,DOGE,0.0000028,0.0000028,0.0000028,0.0000028,147597.2584,0.413272324
1.65E+12,28-05-2022,DOGE,0.0000029,0.0000029,0.0000028,0.0000028,27299.97477,0.07616693
1.65E+12,27-05-2022,DOGE,0.0000027,0.0000031,0.0000027,0.0000028,150831.8508,0.423837501
1.65E+12,27-05-2022,DOGE,0.0000027,0.0000031,0.0000027,0.0000029,152601.3341,0.434913802
1.65E+12,26-05-2022,DOGE,0.0000027,0.0000028,0.0000027,0.0000027,1118491.965,3.019928306
1.65E+12,26-05-2022,DOGE,0.0000028,0.0000028,0.0000027,0.0000027,1095337.278,2.95741065
1.65E+12,25-05-2022,DOGE,0.0000028,0.0000028,0.0000027,0.0000027,51321.80419,0.138568871
1.65E+12,25-05-2022,DOGE,0.0000028,0.0000028,0.0000028,0.0000028,4518.522508,0.012561493
1.65E+12,24-05-2022,DOGE,0.0000029,0.0000029,0.0000028,0.0000028,125303.8414,0.352103794
1.65E+12,24-05-2022,DOGE,0.0000029,0.0000029,0.0000028,0.0000028,82585.93679,0.230414764
1.65E+12,23-05-2022,DOGE,0.0000029,0.0000029,0.0000028,0.0000029,53079.94328,0.151277838
1.65E+12,23-05-2022,DOGE,0.0000028,0.0000029,0.0000028,0.0000029,60589.57517,0.173286185
1.65E+12,22-05-2022,DOGE,0.0000029,0.0000029,0.0000028,0.0000029,34352.37166,0.09893483
1.65E+12,22-05-2022,DOGE,0.0000029,0.0000029,0.0000028,0.0000028,21843.06403,0.061815871
1.65E+12,21-05-2022,DOGE,0.0000029,0.0000029,0.0000028,0.0000029,35445.72044,0.101729218
1.65E+12,21-05-2022,DOGE,0.0000029,0.0000029,0.0000029,0.0000029,30181.66168,0.086621369
1.65E+12,20-05-2022,DOGE,0.0000029,0.0000029,0.0000028,0.0000029,200194.5452,0.57656029
1.65E+12,20-05-2022,DOGE,0.0000029,0.0000029,0.0000028,0.0000029,211992.3791,0.608418128
1.65E+12,19-05-2022,DOGE,0.0000029,0.0000029,0.0000028,0.0000029,128781.9506,0.368316379
1.65E+12,19-05-2022,DOGE,0.0000029,0.0000029,0.0000028,0.0000029,136119.4206,0.389301543
1.65E+12,18-05-2022,DOGE,0.0000029,0.000003,0.0000028,0.0000029,82532.92503,0.237694824
1.65E+12,18-05-2022,DOGE,0.000003,0.000003,0.0000028,0.0000029,72894.46964,0.211393962
1.65E+12,17-05-2022,DOGE,0.000003,0.000003,0.0000029,0.0000029,51200.8165,0.150530401
1.65E+12,17-05-2022,DOGE,0.000003,0.000003,0.0000029,0.000003,51119.62214,0.151825278
1.65E+12,16-05-2022,DOGE,0.000003,0.000003,0.0000029,0.000003,134803.139,0.399017292
1.65E+12,16-05-2022,DOGE,0.000003,0.000003,0.0000029,0.000003,134908.9586,0.399330517
1.65E+12,15-05-2022,DOGE,0.000003,0.000003,0.0000029,0.000003,74868.55803,0.220862246
1.65E+12,15-05-2022,DOGE,0.0000029,0.000003,0.0000029,0.000003,88803.58552,0.264634685
1.65E+12,14-05-2022,DOGE,0.000003,0.000003,0.0000029,0.000003,80185.84637,0.237350105
1.65E+12,14-05-2022,DOGE,0.0000031,0.0000031,0.0000029,0.0000029,83822.62245,0.24643851
1.65E+12,13-05-2022,DOGE,0.000003,0.0000031,0.000003,0.000003,185691.7818,0.555218428
1.65E+12,13-05-2022,DOGE,0.0000031,0.0000031,0.0000029,0.0000031,350782.0646,1.069885297
1.65E+12,12-05-2022,DOGE,0.0000028,0.0000031,0.0000027,0.000003,660115.8602,1.980347581
1.65E+12,12-05-2022,DOGE,0.0000028,0.0000031,0.0000026,0.0000031,5451056,16.68023136
1.65E+12,11-05-2022,DOGE,0.000003,0.0000032,0.0000026,0.0000028,6803629.942,19.05016384
1.65E+12,11-05-2022,DOGE,0.0000035,0.0000035,0.0000028,0.0000028,949062.4047,2.638393485
1.65E+12,10-05-2022,DOGE,0.0000037,0.0000037,0.0000025,0.000003,1064579.07,3.172445627
1.65E+12,10-05-2022,DOGE,0.0000035,0.0000037,0.0000035,0.0000035,264302.5989,0.919773044
1.65E+12,09-05-2022,DOGE,0.0000036,0.0000037,0.0000033,0.0000037,626823.3103,2.300441549
1.65E+12,09-05-2022,DOGE,0.0000036,0.0000036,0.0000033,0.0000035,595024.6949,2.064735691
1.65E+12,08-05-2022,DOGE,0.0000036,0.0000037,0.0000035,0.0000036,86431.64804,0.307696667
1.65E+12,08-05-2022,DOGE,0.0000037,0.0000037,0.0000036,0.0000036,100944.0288,0.366426825
1.65E+12,07-05-2022,DOGE,0.0000036,0.0000037,0.0000036,0.0000036,176145.04,0.637645045
1.65E+12,07-05-2022,DOGE,0.0000036,0.0000037,0.0000035,0.0000037,156513.5916,0.571274609
1.65E+12,06-05-2022,DOGE,0.0000035,0.0000036,0.0000035,0.0000036,162646.8055,0.580649096
1.65E+12,06-05-2022,DOGE,0.0000035,0.0000036,0.0000035,0.0000036,123212.3344,0.43863591
1.65E+12,05-05-2022,DOGE,0.0000034,0.0000036,0.0000034,0.0000035,250161.5997,0.885572063
1.65E+12,05-05-2022,DOGE,0.0000035,0.0000036,0.0000034,0.0000035,256764.7539,0.903811934
1.65E+12,04-05-2022,DOGE,0.0000034,0.0000035,0.0000033,0.0000034,153218.7644,0.522475987
1.65E+12,04-05-2022,DOGE,0.0000034,0.0000035,0.0000033,0.0000035,152345.7757,0.527116384
1.65E+12,03-05-2022,DOGE,0.0000034,0.0000035,0.0000034,0.0000034,179901.4196,0.606267784
1.65E+12,03-05-2022,DOGE,0.0000034,0.0000035,0.0000034,0.0000034,179774.2064,0.614827786
1.65E+12,02-05-2022,DOGE,0.0000034,0.0000035,0.0000034,0.0000034,271373.167,0.9253825
1.65E+12,02-05-2022,DOGE,0.0000034,0.0000035,0.0000034,0.0000034,257612.7986,0.881035771
1.65E+12,01-05-2022,DOGE,0.0000035,0.0000035,0.0000034,0.0000034,42439.23669,0.14344462
1.65E+12,01-05-2022,DOGE,0.0000034,0.0000036,0.0000034,0.0000034,83632.41776,0.286022869
1.65E+12,30-04-2022,DOGE,0.0000035,0.0000036,0.0000033,0.0000035,155286.4624,0.53729116
1.65E+12,30-04-2022,DOGE,0.0000035,0.0000035,0.0000033,0.0000034,115274.247,0.395390667
1.65E+12,29-04-2022,DOGE,0.0000036,0.0000036,0.0000035,0.0000035,129390.3077,0.452866077
1.65E+12,29-04-2022,DOGE,0.0000036,0.0000037,0.0000035,0.0000035,425065.5704,1.487729496
1.65E+12,28-04-2022,DOGE,0.0000035,0.0000037,0.0000034,0.0000036,419785.6342,1.494436858
1.65E+12,28-04-2022,DOGE,0.0000035,0.0000036,0.0000034,0.0000036,131727.8048,0.471585541
1.65E+12,27-04-2022,DOGE,0.0000036,0.0000037,0.0000035,0.0000035,424427.826,1.493985947
1.65E+12,27-04-2022,DOGE,0.0000037,0.0000037,0.0000035,0.0000035,400940.3673,1.4193289
1.65E+12,26-04-2022,DOGE,0.0000039,0.0000039,0.0000036,0.0000036,540320.6044,1.93975097
1.65E+12,26-04-2022,DOGE,0.0000038,0.0000041,0.0000036,0.0000037,586297.7262,2.139986701
1.65E+12,25-04-2022,DOGE,0.0000036,0.0000043,0.0000035,0.0000039,1635113.966,6.327891048
1.65E+12,25-04-2022,DOGE,0.0000033,0.0000043,0.0000032,0.0000038,1416362.37,5.368013382
1.65E+12,24-04-2022,DOGE,0.0000034,0.0000036,0.0000032,0.0000036,221979.8515,0.799127465
1.65E+12,24-04-2022,DOGE,0.0000034,0.0000034,0.0000032,0.0000033,60118.91505,0.196588852
1.65E+12,23-04-2022,DOGE,0.0000034,0.0000034,0.0000034,0.0000034,139568.2532,0.468949331
1.65E+12,23-04-2022,DOGE,0.0000034,0.0000034,0.0000034,0.0000034,147808.3649,0.501070357
1.65E+12,22-04-2022,DOGE,0.0000034,0.0000035,0.0000034,0.0000034,64621.68909,0.221006177
1.65E+12,22-04-2022,DOGE,0.0000034,0.0000035,0.0000034,0.0000034,80885.13617,0.276627166
1.65E+12,21-04-2022,DOGE,0.0000033,0.0000034,0.0000033,0.0000034,103263.2569,0.349029808
1.65E+12,21-04-2022,DOGE,0.0000034,0.0000034,0.0000033,0.0000034,94178.56048,0.318323534
1.65E+12,20-04-2022,DOGE,0.0000035,0.0000035,0.0000033,0.0000033,158581.7447,0.524905575
1.65E+12,20-04-2022,DOGE,0.0000035,0.0000035,0.0000034,0.0000034,37675.67701,0.127720545
1.65E+12,19-04-2022,DOGE,0.0000034,0.0000035,0.0000034,0.0000035,129968.2383,0.448390422
1.65E+12,19-04-2022,DOGE,0.0000034,0.0000035,0.0000034,0.0000035,65329.88853,0.226041414
1.65E+12,18-04-2022,DOGE,0.0000035,0.0000035,0.0000034,0.0000034,70636.66533,0.242283762
1.65E+12,18-04-2022,DOGE,0.0000035,0.0000035,0.0000034,0.0000034,100768.3446,0.345635422
1.65E+12,17-04-2022,DOGE,0.0000036,0.0000036,0.0000035,0.0000035,313208.4872,1.089965536
1.65E+12,17-04-2022,DOGE,0.0000035,0.0000036,0.0000035,0.0000035,273532.1002,0.962832993
1.65E+12,16-04-2022,DOGE,0.0000036,0.0000036,0.0000035,0.0000036,70716.28632,0.252457142
1.65E+12,16-04-2022,DOGE,0.0000036,0.0000036,0.0000035,0.0000035,111895.5803,0.396110354
1.65E+12,15-04-2022,DOGE,0.0000036,0.0000037,0.0000036,0.0000036,130283.6765,0.466415562
1.65E+12,15-04-2022,DOGE,0.0000036,0.0000037,0.0000036,0.0000036,498841.6708,1.815783682
1.65E+12,14-04-2022,DOGE,0.0000035,0.0000037,0.0000035,0.0000036,897786.4338,3.258964755
1.65E+12,14-04-2022,DOGE,0.0000034,0.0000036,0.0000033,0.0000036,641541.5638,2.296718798
1.65E+12,13-04-2022,DOGE,0.0000035,0.0000036,0.0000033,0.0000035,233182.1832,0.823133107
1.65E+12,13-04-2022,DOGE,0.0000035,0.0000035,0.0000034,0.0000034,49546.0269,0.169447412
1.65E+12,12-04-2022,DOGE,0.0000035,0.0000036,0.0000034,0.0000035,450181.0291,1.55312455
1.65E+12,12-04-2022,DOGE,0.0000034,0.0000036,0.0000034,0.0000035,472623.8388,1.654183436
1.65E+12,11-04-2022,DOGE,0.0000034,0.0000035,0.0000034,0.0000035,133293.2417,0.470525143
1.65E+12,11-04-2022,DOGE,0.0000035,0.0000035,0.0000034,0.0000034,133508.9698,0.456600677
1.65E+12,10-04-2022,DOGE,0.0000035,0.0000037,0.0000034,0.0000034,510341.7063,1.75557547
1.65E+12,10-04-2022,DOGE,0.0000035,0.0000037,0.0000035,0.0000035,712582.5314,2.479787209
1.65E+12,09-04-2022,DOGE,0.0000034,0.0000035,0.0000034,0.0000035,849951.348,2.991828745
1.65E+12,09-04-2022,DOGE,0.0000033,0.0000035,0.0000033,0.0000035,633281.3992,2.222817711
1.65E+12,08-04-2022,DOGE,0.0000034,0.0000034,0.0000033,0.0000034,130548.341,0.442558876
1.65E+12,08-04-2022,DOGE,0.0000034,0.0000035,0.0000033,0.0000033,268531.8034,0.896896223
1.65E+12,07-04-2022,DOGE,0.0000034,0.0000035,0.0000033,0.0000034,351163.2074,1.183420009
1.65E+12,07-04-2022,DOGE,0.0000033,0.0000035,0.0000033,0.0000034,244015.7036,0.839414021
1.65E+12,06-04-2022,DOGE,0.0000034,0.0000034,0.0000033,0.0000034,601733.0401,2.021823015
1.65E+12,06-04-2022,DOGE,0.0000035,0.0000035,0.0000033,0.0000033,458999.3823,1.514697961
1.65E+12,05-04-2022,DOGE,0.0000034,0.0000039,0.0000033,0.0000034,1298657.413,4.441408354
1.65E+12,05-04-2022,DOGE,0.0000032,0.0000039,0.0000032,0.0000035,1846527.34,6.536706785
1.65E+12,04-04-2022,DOGE,0.0000033,0.0000034,0.0000031,0.0000034,1163312.689,3.897097509
1.65E+12,04-04-2022,DOGE,0.0000031,0.0000034,0.0000031,0.0000032,620413.5244,1.997731549
1.65E+12,03-04-2022,DOGE,0.0000031,0.0000034,0.0000031,0.0000033,399328.1574,1.309796356
1.65E+12,03-04-2022,DOGE,0.000003,0.0000032,0.000003,0.0000031,235198.7189,0.738523977
1.65E+12,02-04-2022,DOGE,0.0000031,0.0000031,0.000003,0.0000031,129216.5358,0.396694765
1.65E+12,02-04-2022,DOGE,0.0000031,0.0000031,0.000003,0.000003,111865.2533,0.337833065
1.65E+12,01-04-2022,DOGE,0.000003,0.0000031,0.000003,0.0000031,78480.80367,0.240936067
1.65E+12,01-04-2022,DOGE,0.000003,0.0000031,0.000003,0.0000031,96207.17419,0.294393953
1.65E+12,31-03-2022,DOGE,0.0000031,0.0000031,0.000003,0.000003,461352.151,1.397897018
1.65E+12,31-03-2022,DOGE,0.0000031,0.0000031,0.000003,0.000003,488721.6136,1.480826489
1.65E+12,30-03-2022,DOGE,0.000003,0.0000031,0.000003,0.0000031,185708.6007,0.57198249
1.65E+12,30-03-2022,DOGE,0.000003,0.0000031,0.000003,0.0000031,100443.4088,0.308361265
1.65E+12,29-03-2022,DOGE,0.0000031,0.0000031,0.000003,0.000003,170168.1999,0.517311328
1.65E+12,29-03-2022,DOGE,0.0000031,0.0000031,0.000003,0.000003,181850.5245,0.547370079
1.65E+12,28-03-2022,DOGE,0.0000032,0.0000032,0.000003,0.0000031,146230.4204,0.450389695
1.65E+12,28-03-2022,DOGE,0.0000032,0.0000032,0.000003,0.0000031,106525.8703,0.325969163
1.65E+12,27-03-2022,DOGE,0.0000031,0.0000032,0.0000031,0.0000032,124152.6707,0.391080913
1.65E+12,27-03-2022,DOGE,0.0000032,0.0000032,0.0000031,0.0000032,140947.7758,0.446804449
1.65E+12,26-03-2022,DOGE,0.000003,0.0000032,0.000003,0.0000031,146959.7916,0.452636158
1.65E+12,26-03-2022,DOGE,0.000003,0.0000032,0.000003,0.0000032,131688.4657,0.414818667
1.65E+12,25-03-2022,DOGE,0.0000031,0.0000031,0.0000029,0.000003,76327.52834,0.227456034
1.65E+12,25-03-2022,DOGE,0.0000031,0.0000031,0.0000029,0.000003,76464.82358,0.22557123
1.65E+12,24-03-2022,DOGE,0.0000031,0.0000032,0.000003,0.0000031,148530.5002,0.453018026
1.65E+12,24-03-2022,DOGE,0.0000032,0.0000033,0.0000031,0.0000031,351383.9358,1.082262522
1.65E+12,23-03-2022,DOGE,0.0000029,0.0000033,0.0000029,0.0000031,397038.9879,1.246702422
1.65E+12,23-03-2022,DOGE,0.0000029,0.0000032,0.0000029,0.0000032,94370.74571,0.301986386
1.65E+12,22-03-2022,DOGE,0.0000029,0.0000029,0.0000029,0.0000029,147278.4365,0.425634682
1.65E+12,22-03-2022,DOGE,0.0000029,0.0000029,0.0000029,0.0000029,108727.5525,0.315309902
1.65E+12,21-03-2022,DOGE,0.0000029,0.0000029,0.0000029,0.0000029,77246.51293,0.221697492
1.65E+12,21-03-2022,DOGE,0.0000029,0.0000029,0.0000029,0.0000029,15867.08085,0.046014534
1.65E+12,20-03-2022,DOGE,0.0000029,0.000003,0.0000029,0.0000029,90509.76241,0.263383409
1.65E+12,20-03-2022,DOGE,0.0000029,0.0000029,0.0000029,0.0000029,133995.5024,0.392606822
1.65E+12,19-03-2022,DOGE,0.000003,0.000003,0.0000029,0.0000029,183739.7244,0.531007804
1.65E+12,19-03-2022,DOGE,0.0000028,0.000003,0.0000028,0.0000029,149454.1226,0.437900579
1.65E+12,18-03-2022,DOGE,0.0000028,0.000003,0.0000028,0.000003,61895.06354,0.182590437
1.65E+12,18-03-2022,DOGE,0.0000028,0.0000029,0.0000028,0.0000028,239857.1738,0.681194374
1.65E+12,17-03-2022,DOGE,0.0000029,0.0000029,0.0000028,0.0000028,4570812.9,12.93540051
1.65E+12,17-03-2022,DOGE,0.0000029,0.0000029,0.0000028,0.0000028,4393640.641,12.47793942
1.65E+12,16-03-2022,DOGE,0.0000028,0.0000029,0.0000028,0.0000029,211855.3412,0.608024829
1.65E+12,16-03-2022,DOGE,0.0000029,0.0000029,0.0000028,0.0000029,184722.6373,0.526459516
1.65E+12,15-03-2022,DOGE,0.0000029,0.0000029,0.0000028,0.0000028,136530.6007,0.383650988
1.65E+12,15-03-2022,DOGE,0.0000029,0.0000029,0.0000028,0.0000029,114277.1888,0.329118304
1.65E+12,14-03-2022,DOGE,0.000003,0.000003,0.0000029,0.0000029,26939.97723,0.077856534
1.65E+12,14-03-2022,DOGE,0.0000029,0.0000031,0.0000029,0.0000029,81251.13464,0.234815779
1.65E+12,13-03-2022,DOGE,0.0000029,0.0000031,0.0000029,0.000003,120153.5451,0.355654494
1.65E+12,13-03-2022,DOGE,0.000003,0.000003,0.0000029,0.0000029,77010.92323,0.224871896
1.65E+12,12-03-2022,DOGE,0.000003,0.000003,0.0000029,0.0000029,40291.47939,0.11765112
1.65E+12,12-03-2022,DOGE,0.000003,0.000003,0.0000029,0.000003,86853.75549,0.257087116
1.65E+12,11-03-2022,DOGE,0.000003,0.000003,0.0000029,0.000003,114093.4204,0.337716524
1.65E+12,11-03-2022,DOGE,0.000003,0.000003,0.0000029,0.000003,63109.96941,0.186805509
1.65E+12,10-03-2022,DOGE,0.000003,0.000003,0.0000029,0.000003,89033.79068,0.26354002
1.65E+12,10-03-2022,DOGE,0.0000029,0.000003,0.0000029,0.000003,95652.83188,0.286001967
1.65E+12,09-03-2022,DOGE,0.0000029,0.000003,0.0000029,0.000003,75524.10823,0.224306601
1.65E+12,09-03-2022,DOGE,0.000003,0.000003,0.0000029,0.0000029,12788.2601,0.037341719
1.65E+12,08-03-2022,DOGE,0.0000031,0.0000031,0.0000029,0.0000029,65599.72886,0.191551208
1.65E+12,08-03-2022,DOGE,0.0000031,0.0000031,0.0000029,0.000003,8774.209315,0.025883917
1.65E+12,07-03-2022,DOGE,0.0000031,0.0000031,0.000003,0.0000031,49027.58813,0.149534144
1.65E+12,07-03-2022,DOGE,0.0000032,0.0000032,0.0000031,0.0000031,119250.5363,0.367291652
1.65E+12,06-03-2022,DOGE,0.0000032,0.0000032,0.0000031,0.0000031,197776.7229,0.619041143
1.65E+12,06-03-2022,DOGE,0.0000032,0.0000032,0.0000031,0.0000032,142884.4051,0.450085876
1.65E+12,05-03-2022,DOGE,0.0000032,0.0000032,0.0000031,0.0000032,52930.49117,0.168318962
1.65E+12,05-03-2022,DOGE,0.0000031,0.0000032,0.0000031,0.0000032,16438.0085,0.051944107
1.65E+12,04-03-2022,DOGE,0.0000031,0.0000032,0.0000031,0.0000032,40558.32236,0.128569882
1.65E+12,04-03-2022,DOGE,0.000003,0.0000031,0.000003,0.0000031,44731.03465,0.139560828
1.65E+12,03-03-2022,DOGE,0.000003,0.0000031,0.000003,0.0000031,35679.70117,0.109179886
1.65E+12,03-03-2022,DOGE,0.0000031,0.0000031,0.000003,0.000003,39035.33067,0.118277052
1.65E+12,02-03-2022,DOGE,0.0000031,0.0000031,0.000003,0.000003,55525.73401,0.168798231
1.65E+12,02-03-2022,DOGE,0.000003,0.0000031,0.000003,0.0000031,32228.76597,0.098297736
1.65E+12,01-03-2022,DOGE,0.000003,0.0000033,0.000003,0.0000031,186137.3917,0.567719045
1.65E+12,01-03-2022,DOGE,0.0000031,0.0000033,0.000003,0.000003,203272.0335,0.617946982
1.65E+12,28-02-2022,DOGE,0.0000032,0.0000032,0.000003,0.000003,84101.70576,0.250623083
1.65E+12,28-02-2022,DOGE,0.0000033,0.0000033,0.000003,0.0000031,63882.03695,0.197395494
1.65E+12,27-02-2022,DOGE,0.0000032,0.0000033,0.0000032,0.0000032,27939.79961,0.090245553
1.65E+12,27-02-2022,DOGE,0.0000032,0.0000033,0.0000032,0.0000033,56559.07447,0.183816992
1.65E+12,26-02-2022,DOGE,0.0000033,0.0000033,0.0000032,0.0000032,54794.43134,0.176986013
1.65E+12,26-02-2022,DOGE,0.0000033,0.0000033,0.0000032,0.0000032,28060.59503,0.090916328
1.65E+12,25-02-2022,DOGE,0.0000032,0.0000033,0.0000032,0.0000033,39939.57196,0.129803609
1.65E+12,25-02-2022,DOGE,0.0000032,0.0000033,0.0000032,0.0000033,40674.29745,0.133004953
1.65E+12,24-02-2022,DOGE,0.0000032,0.0000033,0.0000031,0.0000032,72995.12546,0.23285445
1.65E+12,24-02-2022,DOGE,0.0000033,0.0000033,0.0000032,0.0000032,6045.862578,0.019165384
1.65E+12,23-02-2022,DOGE,0.0000035,0.0000035,0.0000031,0.0000032,253513.8938,0.798568766
1.65E+12,23-02-2022,DOGE,0.0000035,0.0000035,0.0000033,0.0000033,237574.7625,0.786372464
1.65E+12,22-02-2022,DOGE,0.0000034,0.0000035,0.0000034,0.0000035,83083.19954,0.286637038
1.65E+12,22-02-2022,DOGE,0.0000034,0.0000035,0.0000034,0.0000035,45136.31653,0.156623018
1.65E+12,21-02-2022,DOGE,0.0000036,0.0000037,0.0000034,0.0000034,65221.3184,0.223709122
1.65E+12,21-02-2022,DOGE,0.0000036,0.0000037,0.0000034,0.0000034,78813.7925,0.270331308
1.65E+12,20-02-2022,DOGE,0.0000036,0.0000036,0.0000035,0.0000036,188369.0345,0.678128524
1.65E+12,20-02-2022,DOGE,0.0000035,0.0000036,0.0000035,0.0000036,202573.4092,0.723187071
1.65E+12,19-02-2022,DOGE,0.0000035,0.0000036,0.0000035,0.0000036,157233.4478,0.562895743
1.65E+12,19-02-2022,DOGE,0.0000035,0.0000036,0.0000035,0.0000035,145024.0909,0.506134077
1.65E+12,18-02-2022,DOGE,0.0000035,0.0000036,0.0000034,0.0000035,55820.53309,0.197046482
1.65E+12,18-02-2022,DOGE,0.0000035,0.0000035,0.0000034,0.0000035,44269.11216,0.155384584
1.65E+12,17-02-2022,DOGE,0.0000034,0.0000035,0.0000034,0.0000035,76372.23029,0.265775361
1.65E+12,17-02-2022,DOGE,0.0000034,0.0000035,0.0000034,0.0000035,69988.477,0.241460246
1.65E+12,16-02-2022,DOGE,0.0000034,0.0000034,0.0000033,0.0000034,42154.2242,0.143745905
1.64E+12,16-02-2022,DOGE,0.0000034,0.0000034,0.0000033,0.0000034,34160.27302,0.116144928
1.64E+12,15-02-2022,DOGE,0.0000034,0.0000034,0.0000034,0.0000034,49331.38713,0.167233402
1.64E+12,15-02-2022,DOGE,0.0000034,0.0000034,0.0000034,0.0000034,64119.50123,0.218647499
1.64E+12,14-02-2022,DOGE,0.0000034,0.0000035,0.0000034,0.0000034,73211.33541,0.248186427
1.64E+12,14-02-2022,DOGE,0.0000035,0.0000035,0.0000034,0.0000034,73271.5959,0.249856142
1.64E+12,13-02-2022,DOGE,0.0000036,0.0000037,0.0000034,0.0000034,222521.4842,0.761023476
1.64E+12,13-02-2022,DOGE,0.0000034,0.0000037,0.0000034,0.0000035,229534.5034,0.794189382
1.64E+12,12-02-2022,DOGE,0.0000034,0.0000037,0.0000034,0.0000036,50570.14318,0.181041113
1.64E+12,12-02-2022,DOGE,0.0000034,0.0000034,0.0000034,0.0000034,44276.54384,0.151868545
1.64E+12,11-02-2022,DOGE,0.0000035,0.0000035,0.0000034,0.0000034,50472.95233,0.170093849
1.64E+12,11-02-2022,DOGE,0.0000035,0.0000035,0.0000034,0.0000034,42401.55272,0.145861341
1.64E+12,10-02-2022,DOGE,0.0000035,0.0000035,0.0000034,0.0000035,170090.4216,0.59701738
1.64E+12,10-02-2022,DOGE,0.0000036,0.0000036,0.0000034,0.0000035,161251.7038,0.564380963
1.64E+12,09-02-2022,DOGE,0.0000036,0.0000037,0.0000035,0.0000035,57020.81018,0.201853668
1.64E+12,09-02-2022,DOGE,0.0000036,0.0000036,0.0000036,0.0000036,5670.690659,0.020357779
1.64E+12,08-02-2022,DOGE,0.0000036,0.0000036,0.0000036,0.0000036,81899.25729,0.295656319
1.64E+12,08-02-2022,DOGE,0.0000037,0.0000038,0.0000036,0.0000036,132690.2972,0.476358167
1.64E+12,07-02-2022,DOGE,0.0000037,0.0000039,0.0000036,0.0000036,206766.8585,0.746428359
1.64E+12,07-02-2022,DOGE,0.0000037,0.0000039,0.0000037,0.0000037,153482.4345,0.574024305
1.64E+12,06-02-2022,DOGE,0.0000035,0.0000038,0.0000035,0.0000037,81810.97109,0.301882483
1.64E+12,06-02-2022,DOGE,0.0000036,0.0000038,0.0000035,0.0000037,77300.39387,0.288330469
1.64E+12,05-02-2022,DOGE,0.0000036,0.0000036,0.0000035,0.0000035,48724.84401,0.171511451
1.64E+12,05-02-2022,DOGE,0.0000036,0.0000036,0.0000035,0.0000036,59373.69918,0.211370369
1.64E+12,04-02-2022,DOGE,0.0000037,0.0000037,0.0000035,0.0000036,72609.19335,0.260667004
1.64E+12,04-02-2022,DOGE,0.0000037,0.0000037,0.0000035,0.0000036,66811.02979,0.237179156
1.64E+12,03-02-2022,DOGE,0.0000037,0.0000038,0.0000037,0.0000037,37104.70199,0.136174256
1.64E+12,03-02-2022,DOGE,0.0000038,0.0000038,0.0000037,0.0000037,34616.44211,0.127734671
1.64E+12,02-02-2022,DOGE,0.0000037,0.0000038,0.0000037,0.0000037,41323.46525,0.153723291
1.64E+12,02-02-2022,DOGE,0.0000037,0.0000038,0.0000037,0.0000038,17616.06612,0.066060248
1.64E+12,01-02-2022,DOGE,0.0000037,0.0000038,0.0000037,0.0000037,78937.29271,0.295225475
1.64E+12,01-02-2022,DOGE,0.0000037,0.0000037,0.0000037,0.0000037,37545.50798,0.13891838
1.64E+12,31-01-2022,DOGE,0.0000037,0.0000038,0.0000037,0.0000037,19708.06393,0.072919837
1.64E+12,31-01-2022,DOGE,0.0000037,0.0000038,0.0000037,0.0000037,20874.50606,0.077653163
1.64E+12,30-01-2022,DOGE,0.0000037,0.0000038,0.0000037,0.0000037,63266.25443,0.235983129
1.64E+12,30-01-2022,DOGE,0.0000037,0.0000038,0.0000037,0.0000037,65585.30664,0.244633194
1.64E+12,29-01-2022,DOGE,0.0000038,0.0000038,0.0000037,0.0000037,109988.1615,0.411355724
1.64E+12,29-01-2022,DOGE,0.0000038,0.0000038,0.0000037,0.0000037,106984.4388,0.399051957
1.64E+12,28-01-2022,DOGE,0.0000038,0.0000038,0.0000037,0.0000038,59599.47142,0.225286002
1.64E+12,28-01-2022,DOGE,0.0000038,0.0000038,0.0000037,0.0000038,64564.69458,0.244054546
1.64E+12,27-01-2022,DOGE,0.0000039,0.0000039,0.0000038,0.0000038,108850.777,0.415809968
1.64E+12,27-01-2022,DOGE,0.0000039,0.0000039,0.0000038,0.0000038,144934.4177,0.547852099
1.64E+12,26-01-2022,DOGE,0.0000039,0.000004,0.0000039,0.0000039,187175.8863,0.729985957
1.64E+12,26-01-2022,DOGE,0.0000039,0.000004,0.0000039,0.0000039,126925.5187,0.497548033
1.64E+12,25-01-2022,DOGE,0.0000038,0.000004,0.0000038,0.0000039,266143.8223,1.045945222
1.64E+12,25-01-2022,DOGE,0.0000038,0.0000041,0.0000037,0.0000039,312727.9336,1.216511662
1.64E+12,24-01-2022,DOGE,0.0000038,0.0000041,0.0000037,0.0000038,192031.3471,0.735480059
1.64E+12,24-01-2022,DOGE,0.0000039,0.0000039,0.0000037,0.0000038,184325.8816,0.691222056
1.64E+12,23-01-2022,DOGE,0.0000039,0.000004,0.0000038,0.0000038,170532.4938,0.653139451
1.64E+12,23-01-2022,DOGE,0.0000039,0.000004,0.0000038,0.0000039,103271.0031,0.406887752
1.64E+12,22-01-2022,DOGE,0.0000037,0.000004,0.0000036,0.0000039,104512.2242,0.403417185
1.64E+12,22-01-2022,DOGE,0.0000039,0.000004,0.0000035,0.0000039,276272.5298,1.077462866
1.64E+12,21-01-2022,DOGE,0.0000039,0.000004,0.0000035,0.0000037,295355.2135,1.095767842
1.64E+12,21-01-2022,DOGE,0.0000039,0.000004,0.0000039,0.0000039,114725.2623,0.449723028
1.64E+12,20-01-2022,DOGE,0.0000039,0.000004,0.0000038,0.0000039,112636.0094,0.442659517
1.64E+12,20-01-2022,DOGE,0.0000039,0.0000039,0.0000038,0.0000039,119365.9079,0.464333382
1.64E+12,19-01-2022,DOGE,0.0000039,0.000004,0.0000039,0.0000039,59388.75319,0.231616137
1.64E+12,19-01-2022,DOGE,0.000004,0.000004,0.0000039,0.0000039,36944.91788,0.145193527
1.64E+12,18-01-2022,DOGE,0.000004,0.0000041,0.0000039,0.000004,47085.92232,0.187401971
1.64E+12,17-01-2022,DOGE,0.000004,0.0000041,0.0000039,0.000004,98949.71403,0.395798856
1.64E+12,16-01-2022,DOGE,0.0000042,0.0000043,0.000004,0.000004,83311.79144,0.33158093
1.64E+12,15-01-2022,DOGE,0.0000044,0.0000045,0.0000042,0.0000042,219906.0003,0.923605201
1.64E+12,14-01-2022,DOGE,0.0000041,0.0000049,0.0000041,0.0000044,357805.6994,1.585079248
1.64E+12,13-01-2022,DOGE,0.0000038,0.0000043,0.0000038,0.0000041,202171.7606,0.834969371
1.64E+12,12-01-2022,DOGE,0.0000036,0.0000038,0.0000036,0.0000038,28635.63608,0.10938813
1.64E+12,11-01-2022,DOGE,0.0000034,0.000004,0.0000034,0.0000036,285666.711,1.025543492
1.64E+12,10-01-2022,DOGE,0.0000036,0.0000036,0.0000034,0.0000034,94750.76803,0.325942642
1.64E+12,09-01-2022,DOGE,0.0000036,0.0000036,0.0000036,0.0000036,32489.14348,0.116636025
1.64E+12,08-01-2022,DOGE,0.0000037,0.0000038,0.0000036,0.0000036,195432.1297,0.707464309
1.64E+12,07-01-2022,DOGE,0.0000037,0.0000037,0.0000036,0.0000037,82636.64909,0.309061068
1.64E+12,06-01-2022,DOGE,0.0000036,0.0000037,0.0000036,0.0000037,81665.47816,0.29889565
1.64E+12,05-01-2022,DOGE,0.0000037,0.0000037,0.0000035,0.0000036,148197.1993,0.534991889
1.64E+12,04-01-2022,DOGE,0.0000037,0.0000037,0.0000036,0.0000037,70370.89041,0.257557459
1.64E+12,03-01-2022,DOGE,0.0000037,0.0000037,0.0000036,0.0000037,150504.1832,0.552350352
1.64E+12,02-01-2022,DOGE,0.0000037,0.0000037,0.0000036,0.0000037,23093.72732,0.084753979
1.64E+12,01-01-2022,DOGE,0.0000037,0.0000037,0.0000036,0.0000037,47296.25614,0.172631335
1.64E+12,31-12-2021,DOGE,0.0000036,0.0000037,0.0000036,0.0000037,160898.4381,0.588888284
1.64E+12,30-12-2021,DOGE,0.0000036,0.0000037,0.0000036,0.0000036,110456.0289,0.400955385
1.64E+12,29-12-2021,DOGE,0.0000037,0.0000037,0.0000036,0.0000036,67736.63404,0.245206615
1.64E+12,28-12-2021,DOGE,0.0000036,0.0000037,0.0000036,0.0000037,35147.09289,0.129341302
1.64E+12,27-12-2021,DOGE,0.0000037,0.0000038,0.0000036,0.0000036,59591.79583,0.216318219
1.64E+12,26-12-2021,DOGE,0.0000037,0.0000038,0.0000037,0.0000037,42751.50051,0.159890612
1.64E+12,25-12-2021,DOGE,0.0000037,0.0000038,0.0000037,0.0000037,80530.05555,0.301182408
1.64E+12,24-12-2021,DOGE,0.0000036,0.0000038,0.0000035,0.0000037,55250.2101,0.203873275
1.64E+12,23-12-2021,DOGE,0.0000036,0.0000037,0.0000036,0.0000036,67142.15924,0.241040352
1.64E+12,22-12-2021,DOGE,0.0000035,0.0000036,0.0000035,0.0000036,6148.379906,0.022134168
1.64E+12,21-12-2021,DOGE,0.0000035,0.0000036,0.0000035,0.0000035,184265.028,0.643084948
1.64E+12,20-12-2021,DOGE,0.0000036,0.0000036,0.0000035,0.0000035,72517.42505,0.256711685
1.64E+12,19-12-2021,DOGE,0.0000036,0.0000037,0.0000036,0.0000036,37266.10438,0.13564862
1.64E+12,18-12-2021,DOGE,0.0000037,0.0000037,0.0000036,0.0000036,507048.8433,1.835516813
1.64E+12,17-12-2021,DOGE,0.0000037,0.0000037,0.0000035,0.0000037,99908.35716,0.366663671
1.64E+12,16-12-2021,DOGE,0.0000037,0.0000037,0.0000036,0.0000037,45351.6552,0.165533541
1.64E+12,15-12-2021,DOGE,0.0000038,0.0000038,0.0000037,0.0000037,121620.0167,0.449994062
1.64E+12,14-12-2021,DOGE,0.0000034,0.0000046,0.0000033,0.0000038,1270931.96,4.829541449
1.64E+12,13-12-2021,DOGE,0.0000034,0.0000034,0.0000033,0.0000034,489898.266,1.641159191
1.64E+12,12-12-2021,DOGE,0.0000034,0.0000035,0.0000034,0.0000034,70322.29452,0.237689355
1.64E+12,11-12-2021,DOGE,0.0000034,0.0000035,0.0000034,0.0000034,52830.6677,0.180680884
1.64E+12,10-12-2021,DOGE,0.0000035,0.0000036,0.0000034,0.0000034,64209.94183,0.219598001
1.64E+12,09-12-2021,DOGE,0.0000036,0.0000036,0.0000035,0.0000035,21164.39334,0.074498665
1.64E+12,08-12-2021,DOGE,0.0000036,0.0000036,0.0000035,0.0000036,62202.2492,0.22206203
1.64E+12,07-12-2021,DOGE,0.0000035,0.0000036,0.0000034,0.0000036,76952.09245,0.273179928
1.64E+12,06-12-2021,DOGE,0.0000035,0.0000036,0.0000034,0.0000035,597934.3887,2.104729048
1.64E+12,05-12-2021,DOGE,0.0000036,0.0000037,0.0000034,0.0000035,79028.28455,0.27501843
1.64E+12,04-12-2021,DOGE,0.0000037,0.0000038,0.0000031,0.0000036,231133.947,0.839016228
1.64E+12,03-12-2021,DOGE,0.0000037,0.0000037,0.0000037,0.0000037,118419.7976,0.432232261
1.64E+12,02-12-2021,DOGE,0.0000036,0.0000037,0.0000036,0.0000037,484114.2382,1.781540397
1.64E+12,01-12-2021,DOGE,0.0000038,0.0000038,0.0000036,0.0000036,56456.80888,0.204373648
1.64E+12,30-11-2021,DOGE,0.000004,0.000004,0.0000037,0.0000038,274532.5737,1.034987803
1.64E+12,29-11-2021,DOGE,0.0000036,0.000004,0.0000036,0.000004,114401.9577,0.451887733
1.64E+12,28-11-2021,DOGE,0.0000037,0.0000037,0.0000036,0.0000036,158144.7722,0.567739732
1.64E+12,27-11-2021,DOGE,0.0000038,0.0000038,0.0000037,0.0000037,85972.99907,0.316380637
1.64E+12,26-11-2021,DOGE,0.0000038,0.0000038,0.0000034,0.0000038,157779.6604,0.596407116
1.64E+12,25-11-2021,DOGE,0.0000038,0.0000039,0.0000037,0.0000038,68184.8437,0.257056861
1.64E+12,24-11-2021,DOGE,0.000004,0.000004,0.0000038,0.0000038,67653.92294,0.257084907
1.64E+12,23-11-2021,DOGE,0.0000039,0.0000041,0.0000038,0.000004,317181.6466,1.252867504
1.64E+12,22-11-2021,DOGE,0.0000039,0.0000039,0.0000038,0.0000039,55732.6405,0.216799972
1.64E+12,21-11-2021,DOGE,0.0000039,0.0000039,0.0000038,0.0000039,92574.24141,0.358262314
1.64E+12,20-11-2021,DOGE,0.000004,0.000004,0.0000039,0.0000039,139885.7588,0.544155602
1.64E+12,19-11-2021,DOGE,0.0000039,0.0000041,0.0000039,0.000004,106574.716,0.423101623
1.64E+12,18-11-2021,DOGE,0.000004,0.000004,0.0000038,0.0000039,48184.27073,0.187918656
1.64E+12,17-11-2021,DOGE,0.0000039,0.000004,0.0000039,0.000004,925460.8606,3.674079616
1.64E+12,16-11-2021,DOGE,0.000004,0.0000041,0.0000039,0.0000039,362876.7896,1.429734551
1.64E+12,15-11-2021,DOGE,0.000004,0.0000041,0.000004,0.000004,291873.8429,1.179170325
1.64E+12,14-11-2021,DOGE,0.0000041,0.0000042,0.000004,0.000004,147051.6038,0.586735899
1.64E+12,13-11-2021,DOGE,0.000004,0.0000041,0.000004,0.0000041,78269.52276,0.316991567
1.64E+12,12-11-2021,DOGE,0.0000041,0.0000041,0.0000039,0.000004,14748.29684,0.05914067
1.64E+12,11-11-2021,DOGE,0.0000041,0.0000042,0.000004,0.0000041,233795.8207,0.958562865
1.64E+12,10-11-2021,DOGE,0.0000041,0.0000041,0.0000038,0.0000041,425648.745,1.723877417
1.64E+12,09-11-2021,DOGE,0.0000042,0.0000043,0.000004,0.0000041,367633.483,1.496268276
1.64E+12,08-11-2021,DOGE,0.0000041,0.0000045,0.0000041,0.0000042,602315.9161,2.505634211
1.64E+12,07-11-2021,DOGE,0.0000042,0.0000043,0.0000041,0.0000041,98666.9068,0.406507656
1.64E+12,06-11-2021,DOGE,0.0000043,0.0000043,0.0000042,0.0000042,176770.5155,0.747739281
1.64E+12,05-11-2021,DOGE,0.0000042,0.0000044,0.0000042,0.0000043,315100.3884,1.35493167
1.64E+12,04-11-2021,DOGE,0.0000043,0.0000043,0.0000042,0.0000042,622801.5658,2.628222607
1.64E+12,03-11-2021,DOGE,0.0000043,0.0000044,0.0000042,0.0000043,191647.128,0.82408265
1.64E+12,02-11-2021,DOGE,0.0000044,0.0000045,0.0000043,0.0000043,389558.3719,1.678996583
1.64E+12,01-11-2021,DOGE,0.0000045,0.0000045,0.0000044,0.0000044,251662.9061,1.109833416
1.64E+12,31-10-2021,DOGE,0.0000043,0.0000047,0.0000042,0.0000045,505751.9644,2.250596242
1.64E+12,30-10-2021,DOGE,0.0000046,0.0000046,0.0000042,0.0000043,100087.7517,0.433379965
1.64E+12,29-10-2021,DOGE,0.0000048,0.0000049,0.0000046,0.0000046,433939.4712,2.009139752
1.64E+12,28-10-2021,DOGE,0,0.0000056,0,0.0000048,828373.8602,3.943059574
