unix,date,symbol,open,high,low,close,Volume SOL,Volume USD
1.68E+12,13-05-2023,SOL,20.906,21.291,20.8,20.851,10519.1351,219334.4859
1.68E+12,12-05-2023,SOL,20.357,21.298,19.911,20.906,14717.50908,307684.2448
1.68E+12,11-05-2023,SOL,20.928,20.946,19.748,20.357,17578.50583,357845.6431
1.68E+12,10-05-2023,SOL,20.7,21.312,20,20.928,24320.91718,508988.1548
1.68E+12,09-05-2023,SOL,20.666,21,20.45,20.7,13187.4445,272980.101
1.68E+12,08-05-2023,SOL,21.7,21.821,20.418,20.666,35767.15862,739164.1
1.68E+12,07-05-2023,SOL,22.014,22.779,21.7,21.7,9386.082673,203677.994
1.68E+12,06-05-2023,SOL,22.842,23.279,21.595,22.014,29607.28972,651774.8758
1.68E+12,05-05-2023,SOL,21.742,23.115,21.639,22.842,19009.20742,434208.3158
1.68E+12,04-05-2023,SOL,22.252,22.469,21.626,21.742,14618.91787,317844.5124
1.68E+12,03-05-2023,SOL,22.27,22.666,21.244,22.252,22556.24917,501921.6566
1.68E+12,02-05-2023,SOL,21.98,22.399,21.759,22.27,8416.752925,187441.0876
1.68E+12,01-05-2023,SOL,22.725,22.913,21.578,21.98,12453.36878,273725.0458
1.68E+12,30-04-2023,SOL,23.159,23.995,22.713,22.725,7262.039162,165029.84
1.68E+12,29-04-2023,SOL,23.369,23.916,22.933,23.159,21130.81575,489368.562
1.68E+12,28-04-2023,SOL,22.348,23.517,22.2,23.369,11839.33536,276673.428
1.68E+12,27-04-2023,SOL,21.282,22.512,21.204,22.348,16069.17315,359113.8816
1.68E+12,26-04-2023,SOL,21.922,22.948,20.4,21.282,31183.37317,663644.5478
1.68E+12,25-04-2023,SOL,21.359,21.942,20.744,21.922,15966.85939,350025.4915
1.68E+12,24-04-2023,SOL,21.469,22,21.026,21.359,12677.2343,270773.0474
1.68E+12,23-04-2023,SOL,21.804,22.27,20.969,21.469,12140.39997,260642.2468
1.68E+12,22-04-2023,SOL,21.269,21.981,21.052,21.804,7906.535486,172394.0997
1.68E+12,21-04-2023,SOL,21.979,22.382,20.913,21.269,19222.86456,408851.1063
1.68E+12,20-04-2023,SOL,22.72,23.154,21.585,21.979,33584.44837,738152.5906
1.68E+12,19-04-2023,SOL,24.832,24.975,21.773,22.72,48829.19361,1109399.279
1.68E+12,18-04-2023,SOL,24.585,25.398,24.004,24.832,17768.63442,441230.7299
1.68E+12,17-04-2023,SOL,25.359,26.018,24.326,24.585,38462.36316,945597.1982
1.68E+12,16-04-2023,SOL,24.068,25.487,23.838,25.359,24560.05674,622818.4788
1.68E+12,15-04-2023,SOL,24.719,24.791,23.837,24.068,16520.5621,397616.8886
1.68E+12,14-04-2023,SOL,24.435,25.502,23.783,24.719,29458.6681,728188.8168
1.68E+12,13-04-2023,SOL,23.803,25.304,23.678,24.435,35092.05646,857474.3995
1.68E+12,12-04-2023,SOL,23.053,24.783,22.35,23.803,58868.28811,1401241.862
1.68E+12,11-04-2023,SOL,20.849,23.73,20.849,23.053,55187.69063,1272241.832
1.68E+12,10-04-2023,SOL,20.311,20.962,20.092,20.849,12228.18498,254945.4286
1.68E+12,09-04-2023,SOL,20.044,20.444,19.896,20.311,3596.161746,73041.64122
1.68E+12,08-04-2023,SOL,20.477,20.732,19.876,20.044,8448.614109,169344.0212
1.68E+12,07-04-2023,SOL,20.643,20.783,20.257,20.477,5230.803219,107111.1575
1.68E+12,06-04-2023,SOL,20.964,20.964,20.475,20.643,8114.40643,167505.6919
1.68E+12,05-04-2023,SOL,20.923,21.328,20.582,20.964,14953.37904,313482.6382
1.68E+12,04-04-2023,SOL,20.464,21.264,20.348,20.923,14473.84796,302836.3209
1.68E+12,03-04-2023,SOL,20.547,21.006,19.993,20.464,19955.38902,408367.0809
1.68E+12,02-04-2023,SOL,21.087,21.312,20.257,20.547,9680.535365,198905.9601
1.68E+12,01-04-2023,SOL,21.179,21.35,20.772,21.087,11104.46532,234159.8601
1.68E+12,31-03-2023,SOL,20.419,21.5,20.065,21.179,25735.32057,545048.3544
1.68E+12,30-03-2023,SOL,21.114,21.68,20.17,20.419,36885.41194,753163.2264
1.68E+12,29-03-2023,SOL,20.463,21.542,20.448,21.114,28733.07587,606670.1639
1.68E+12,28-03-2023,SOL,19.918,20.869,19.645,20.463,21350.29461,436891.0786
1.68E+12,27-03-2023,SOL,20.973,20.995,19.376,19.918,21413.00895,426504.3122
1.68E+12,26-03-2023,SOL,20.434,21.189,20.325,20.973,12604.44719,264353.071
1.68E+12,25-03-2023,SOL,20.661,20.994,20.127,20.434,9818.069924,200622.4408
1.68E+12,24-03-2023,SOL,22.282,22.303,20.321,20.661,60700.94822,1254142.291
1.68E+12,23-03-2023,SOL,21.507,22.781,21.152,22.282,54840.56821,1221957.541
1.68E+12,22-03-2023,SOL,22.597,23.129,21.017,21.507,61085.42698,1313764.278
1.68E+12,21-03-2023,SOL,22.205,23.4,21.614,22.597,54059.2732,1221577.397
1.68E+12,20-03-2023,SOL,21.929,23.95,21.457,22.205,73950.28359,1642066.047
1.68E+12,19-03-2023,SOL,21.245,22.516,21.245,21.929,30442.9684,667583.8541
1.68E+12,18-03-2023,SOL,21.651,22.964,21.13,21.245,49838.40419,1058816.897
1.68E+12,17-03-2023,SOL,19.727,21.718,19.478,21.651,47838.56671,1035752.808
1.68E+12,16-03-2023,SOL,19.346,19.942,18.966,19.727,12887.92705,254240.1369
1.68E+12,15-03-2023,SOL,20.91,21.539,18.754,19.346,50121.01626,969641.1806
1.68E+12,14-03-2023,SOL,20.495,22.187,19.903,20.91,66933.3775,1399576.924
1.68E+12,13-03-2023,SOL,20.284,21.728,19.04,20.495,67452.70549,1382443.199
1.68E+12,12-03-2023,SOL,18.771,21,17.916,20.284,36661.05554,743632.8506
1.68E+12,11-03-2023,SOL,18.216,20.033,17.324,18.771,63556.39963,1193017.177
1.68E+12,10-03-2023,SOL,17.336,18.38,16.007,18.216,72431.54942,1319413.104
1.68E+12,09-03-2023,SOL,18.408,19.345,16.708,17.336,59577.88581,1032842.228
1.68E+12,08-03-2023,SOL,20.233,20.373,18.112,18.408,33829.33075,622730.3205
1.68E+12,07-03-2023,SOL,20.685,20.929,19.75,20.233,23236.38181,470141.7131
1.68E+12,06-03-2023,SOL,20.983,21.173,20.47,20.685,12982.32212,268539.333
1.68E+12,05-03-2023,SOL,20.987,21.701,20.861,20.983,5457.283663,114510.1831
1.68E+12,04-03-2023,SOL,21.385,21.605,20.222,20.987,19652.76995,412452.6829
1.68E+12,03-03-2023,SOL,21.971,22.008,20.358,21.385,27981.21941,598378.377
1.68E+12,02-03-2023,SOL,22.515,22.646,21.684,21.971,8127.684037,178573.346
1.68E+12,01-03-2023,SOL,21.884,22.901,21.673,22.515,11656.12012,262437.5445
1.68E+12,28-02-2023,SOL,22.678,22.74,21.761,21.884,18416.58622,403028.5729
1.68E+12,27-02-2023,SOL,23.269,23.4,22.328,22.678,30904.39193,700849.8002
1.68E+12,26-02-2023,SOL,22.404,23.503,22.234,23.269,13918.20281,323862.6611
1.68E+12,25-02-2023,SOL,23.065,23.321,21.429,22.404,33659.24043,754101.6226
1.68E+12,24-02-2023,SOL,23.932,24.115,22.5,23.065,36807.95032,848975.374
1.68E+12,23-02-2023,SOL,24.179,24.67,23.605,23.932,35541.50946,850579.4044
1.68E+12,22-02-2023,SOL,24.963,25.213,23.213,24.179,73103.6492,1767573.134
1.68E+12,21-02-2023,SOL,26.251,26.614,24.487,24.963,40024.91064,999141.8443
1.68E+12,20-02-2023,SOL,24.888,27.112,24.118,26.251,86600.06473,2273338.299
1.68E+12,19-02-2023,SOL,23.479,25.61,23.233,24.888,53549.38121,1332736.999
1.68E+12,18-02-2023,SOL,23.195,23.9,22.942,23.479,13920.43293,326837.8447
1.68E+12,17-02-2023,SOL,22.292,23.544,22.003,23.195,22658.17947,525556.4728
1.68E+12,16-02-2023,SOL,23.886,24.152,22.2,22.292,47828.36648,1066189.946
1.68E+12,15-02-2023,SOL,21.841,23.97,21.46,23.886,28279.85856,675492.7014
1.68E+12,14-02-2023,SOL,20.8,22.401,20.441,21.841,56875.60222,1242220.028
1.68E+12,13-02-2023,SOL,21.517,21.605,19.76,20.8,37777.63553,785774.8189
1.68E+12,12-02-2023,SOL,20.815,22.488,20.639,21.517,28885.53212,621529.9947
1.68E+12,11-02-2023,SOL,20.118,20.909,20.118,20.815,14998.88083,312201.7046
1.68E+12,10-02-2023,SOL,20.448,21.182,19.585,20.118,45972.18401,924868.3979
1.68E+12,09-02-2023,SOL,23.175,23.425,20.01,20.448,66267.05055,1355028.65
1.68E+12,08-02-2023,SOL,23.834,24.248,22.795,23.175,20714.06491,480048.4542
1.68E+12,07-02-2023,SOL,22.66,23.968,22.549,23.834,36010.05855,858263.7354
1.68E+12,06-02-2023,SOL,23.48,23.727,22.503,22.66,35183.44777,797256.9264
1.68E+12,05-02-2023,SOL,24.311,24.457,23.025,23.48,39397.37053,925050.26
1.68E+12,04-02-2023,SOL,24.673,24.933,24.2,24.311,12248.63542,297776.5757
1.68E+12,03-02-2023,SOL,24.322,25.077,24.024,24.673,39284.24783,969260.2466
1.68E+12,02-02-2023,SOL,24.985,26.122,24.049,24.322,83141.29597,2022162.601
1.68E+12,01-02-2023,SOL,23.93,25.235,22.5,24.985,47846.36975,1195441.548
1.68E+12,31-01-2023,SOL,23.955,24.469,23.5,23.93,24272.79666,580848.024
1.68E+12,30-01-2023,SOL,26.117,26.305,23.096,23.955,83744.3544,2006096.01
1.67E+12,29-01-2023,SOL,24.006,26.78,23.735,26.117,66102.92165,1726410.005
1.67E+12,28-01-2023,SOL,24.421,25.221,23.723,24.006,25809.82714,619590.7102
1.67E+12,27-01-2023,SOL,24.325,24.949,23.317,24.421,42554.69669,1039228.248
1.67E+12,26-01-2023,SOL,24.49,25.227,23.751,24.325,33731.52305,820519.2982
1.67E+12,25-01-2023,SOL,22.779,25.438,22.25,24.49,46450.81595,1137580.483
1.67E+12,24-01-2023,SOL,24.307,25.228,22.316,22.779,58288.09126,1327744.431
1.67E+12,23-01-2023,SOL,24.212,24.916,23.723,24.307,24036.47489,584254.595
1.67E+12,22-01-2023,SOL,24.564,25.414,23.484,24.212,35535.15618,860377.2015
1.67E+12,21-01-2023,SOL,25.53,26.515,24.315,24.564,50585.74717,1242588.293
1.67E+12,20-01-2023,SOL,21.397,25.828,20.932,25.53,52205.60422,1332809.076
1.67E+12,19-01-2023,SOL,20.788,21.877,20.33,21.397,31872.88301,681984.0778
1.67E+12,18-01-2023,SOL,22.842,23.64,20.383,20.788,86404.49299,1796176.6
1.67E+12,17-01-2023,SOL,23.595,23.95,22.7,22.842,39249.57431,896538.7765
1.67E+12,16-01-2023,SOL,22.91,25,22.277,23.595,102568.1885,2420096.407
1.67E+12,15-01-2023,SOL,24.271,25.026,21.964,22.91,80389.27032,1841718.183
1.67E+12,14-01-2023,SOL,18.344,24.748,18.296,24.271,206941.3723,5022674.048
1.67E+12,13-01-2023,SOL,16.631,18.657,16.287,18.344,99098.29114,1817859.053
1.67E+12,12-01-2023,SOL,16.363,17.008,15.58,16.631,51931.67286,863675.6513
1.67E+12,11-01-2023,SOL,16.203,16.603,15.288,16.363,39772.62118,650799.4004
1.67E+12,10-01-2023,SOL,16.269,17.161,15.568,16.203,36418.69578,590092.1277
1.67E+12,09-01-2023,SOL,14.482,17.454,14.302,16.269,101630.8368,1653432.084
1.67E+12,08-01-2023,SOL,13.094,14.963,12.856,14.482,35368.57477,512207.6998
1.67E+12,07-01-2023,SOL,13.498,13.498,13.028,13.094,14547.89544,190490.1428
1.67E+12,06-01-2023,SOL,13.414,13.589,12.706,13.498,30235.72978,408121.8805
1.67E+12,05-01-2023,SOL,13.439,13.862,12.964,13.414,14798.26228,198503.8902
1.67E+12,04-01-2023,SOL,13.561,14.21,12.834,13.418,34488.38966,462765.2124
1.67E+12,04-01-2023,SOL,13.392,14.21,12.834,13.439,46607.50348,626358.2392
1.67E+12,03-01-2023,SOL,11.21,14.059,11.202,13.561,69671.0148,944808.6317
1.67E+12,03-01-2023,SOL,11.28,13.95,11.008,13.392,58971.35777,789744.4233
1.67E+12,02-01-2023,SOL,9.992,12.01,9.948,11.21,49673.55503,556840.5519
1.67E+12,02-01-2023,SOL,10.002,12.01,9.816,11.28,49497.14964,558327.848
1.67E+12,01-01-2023,SOL,9.976,10.052,9.72,9.992,10222.1829,102140.0515
1.67E+12,01-01-2023,SOL,9.956,10.099,9.72,10.002,12412.88487,124153.6745
1.67E+12,31-12-2022,SOL,9.743,10.182,9.663,9.976,21496.42105,214448.2964
1.67E+12,31-12-2022,SOL,9.88,10.182,9.663,9.956,21835.06051,217389.8624
1.67E+12,30-12-2022,SOL,9.5,10.066,9.038,9.743,41493.37786,404269.9805
1.67E+12,30-12-2022,SOL,9.648,10.227,9.038,9.88,67694.05236,668817.2373
1.67E+12,29-12-2022,SOL,9.748,10.951,7.889,9.5,224755.1041,2135173.489
1.67E+12,29-12-2022,SOL,9.749,10.951,7.889,9.648,218057.6573,2103820.278
1.67E+12,28-12-2022,SOL,10.777,10.78,9.384,9.748,298481.4712,2909597.381
1.67E+12,28-12-2022,SOL,11.097,11.118,9.384,9.749,286839.6457,2796399.706
1.67E+12,27-12-2022,SOL,11.285,11.296,10.681,10.777,137412.1319,1480890.546
1.67E+12,27-12-2022,SOL,11.325,11.424,10.701,11.097,141369.5877,1568778.315
1.67E+12,26-12-2022,SOL,11.434,11.494,11.08,11.285,35541.50232,401085.8537
1.67E+12,26-12-2022,SOL,11.414,11.494,11.08,11.325,20724.82643,234708.6593
1.67E+12,25-12-2022,SOL,11.462,11.554,11.259,11.434,3339.565083,38184.58716
1.67E+12,25-12-2022,SOL,11.438,11.554,11.259,11.414,2645.530916,30196.08988
1.67E+12,24-12-2022,SOL,11.777,11.786,11.063,11.462,16507.92396,189213.8245
1.67E+12,24-12-2022,SOL,11.781,11.786,11.063,11.438,16507.08613,188808.0512
1.67E+12,23-12-2022,SOL,12.019,12.04,11.734,11.777,32651.20271,384533.2143
1.67E+12,23-12-2022,SOL,11.804,12.106,11.736,11.781,64494.93175,759814.791
1.67E+12,22-12-2022,SOL,12.132,12.132,11.672,12.019,51244.5917,615908.7476
1.67E+12,22-12-2022,SOL,12.129,12.186,11.672,11.804,52840.56965,623730.0841
1.67E+12,21-12-2022,SOL,12.087,12.214,11.901,12.132,47667.83401,578306.1622
1.67E+12,21-12-2022,SOL,12.269,12.282,11.901,12.129,59591.98483,722791.184
1.67E+12,20-12-2022,SOL,12.187,12.48,12.069,12.087,62264.14939,752586.7737
1.67E+12,20-12-2022,SOL,11.916,12.48,11.847,12.269,73365.63822,900123.0153
1.67E+12,19-12-2022,SOL,12.231,12.352,11.665,12.187,123922.0028,1510237.448
1.67E+12,19-12-2022,SOL,12.37,12.585,11.665,11.916,111424.3476,1327732.526
1.67E+12,18-12-2022,SOL,12.468,12.596,12.2,12.231,52947.43991,647600.1375
1.67E+12,18-12-2022,SOL,12.512,12.596,12.273,12.37,44421.98338,549499.9344
1.67E+12,17-12-2022,SOL,12.271,12.53,12.15,12.468,79518.54626,991437.2348
1.67E+12,17-12-2022,SOL,12.23,12.523,11.931,12.512,108583.1471,1358592.336
1.67E+12,16-12-2022,SOL,14.4,14.4,11.931,12.271,164532.4031,2018977.119
1.67E+12,16-12-2022,SOL,14.049,14.4,12,12.23,148695.4968,1818545.926
1.67E+12,15-12-2022,SOL,14.376,14.4,13.876,14.4,24836.2379,357641.8257
1.67E+12,15-12-2022,SOL,14.117,14.5,13.866,14.049,93629.37167,1315399.043
1.67E+12,14-12-2022,SOL,13.946,14.954,13.803,14.376,80059.96135,1150942.004
1.67E+12,14-12-2022,SOL,13.89,14.954,13.803,14.117,72593.68357,1024805.031
1.67E+12,13-12-2022,SOL,13.075,14.16,12.787,13.946,52375.06013,730422.5886
1.67E+12,13-12-2022,SOL,13.314,14.16,12.787,13.89,47132.5446,654671.0445
1.67E+12,12-12-2022,SOL,12.948,13.386,12.92,13.075,46027.21777,601805.8723
1.67E+12,12-12-2022,SOL,13.42,13.483,12.814,13.314,49048.81911,653035.9777
1.67E+12,11-12-2022,SOL,13.649,13.797,12.814,12.948,20127.78269,260614.5302
1.67E+12,11-12-2022,SOL,13.581,13.797,13.385,13.42,15165.03018,203514.705
1.67E+12,10-12-2022,SOL,13.636,13.737,13.535,13.649,5125.674769,69960.33492
1.67E+12,10-12-2022,SOL,13.587,13.737,13.536,13.581,21908.16307,297534.7627
1.67E+12,09-12-2022,SOL,13.74,14.012,13.513,13.636,47650.20025,649758.1306
1.67E+12,09-12-2022,SOL,13.678,14.012,13.513,13.587,36294.10988,493128.0709
1.67E+12,08-12-2022,SOL,13.446,13.785,13.277,13.74,21120.56309,290196.5369
1.67E+12,08-12-2022,SOL,13.487,13.77,13.277,13.678,23526.9372,321801.447
1.67E+12,07-12-2022,SOL,14.033,14.033,13.339,13.446,9722.419466,130727.6521
1.67E+12,07-12-2022,SOL,14.288,14.34,13.477,13.487,30616.21753,412920.9258
1.67E+12,06-12-2022,SOL,14.17,14.371,13.886,14.033,43514.19082,610634.6397
1.67E+12,06-12-2022,SOL,13.828,14.371,13.812,14.288,62304.13512,890201.4825
1.67E+12,05-12-2022,SOL,13.901,14.29,13.574,14.17,97302.22732,1378772.561
1.67E+12,05-12-2022,SOL,13.713,14.165,13.574,13.828,93698.84912,1295667.686
1.67E+12,04-12-2022,SOL,13.422,14.165,13.35,13.901,28486.17759,395986.3547
1.67E+12,04-12-2022,SOL,13.298,13.742,13.295,13.713,10929.78694,149880.1684
1.67E+12,03-12-2022,SOL,13.641,13.685,13.195,13.422,39494.76408,530098.7235
1.67E+12,03-12-2022,SOL,13.715,13.761,13.195,13.298,42276.25265,562189.6077
1.67E+12,02-12-2022,SOL,13.43,13.821,13.337,13.641,84106.87581,1147301.893
1.67E+12,02-12-2022,SOL,13.494,13.821,13.321,13.715,81623.99242,1119473.056
1.67E+12,01-12-2022,SOL,13.94,13.94,13.321,13.43,8293.355043,111379.7582
1.67E+12,01-12-2022,SOL,14.199,14.199,13.411,13.494,40927.61465,552277.232
1.67E+12,30-11-2022,SOL,13.494,14.302,13.207,13.94,85985.59734,1198639.227
1.67E+12,30-11-2022,SOL,13.339,14.302,13.207,14.199,91444.4565,1298419.838
1.67E+12,29-11-2022,SOL,13.465,13.946,13.273,13.494,54680.92733,737864.4334
1.67E+12,29-11-2022,SOL,13.314,13.946,13.154,13.339,37575.57681,501220.6191
1.67E+12,28-11-2022,SOL,13.067,13.734,12.87,13.465,67852.52667,913634.2716
1.67E+12,28-11-2022,SOL,14.096,14.149,12.771,13.314,120080.992,1598758.328
1.67E+12,27-11-2022,SOL,14.257,14.429,12.771,13.067,92243.58541,1205346.931
1.67E+12,27-11-2022,SOL,14.149,14.429,14.045,14.096,43432.86185,612229.6207
1.67E+12,26-11-2022,SOL,14.362,14.944,13.982,14.257,47107.54339,671612.2461
1.67E+12,26-11-2022,SOL,14.014,14.944,13.982,14.149,53478.14271,756662.2412
1.67E+12,25-11-2022,SOL,14.18,14.572,13.896,14.362,41659.87925,598319.1858
1.67E+12,25-11-2022,SOL,14.58,14.58,13.896,14.014,45911.4101,643402.5011
1.67E+12,24-11-2022,SOL,14.642,14.801,13.867,14.18,71101.37347,1008217.476
1.67E+12,24-11-2022,SOL,14.346,14.979,13.867,14.58,62095.10366,905346.6113
1.67E+12,23-11-2022,SOL,13.019,14.979,12.709,14.642,135431.5799,1982989.193
1.67E+12,23-11-2022,SOL,12.423,14.552,12.39,14.346,142124.5603,2038918.942
1.67E+12,22-11-2022,SOL,11.581,13.451,10.932,13.019,143489.6601,1868091.884
1.67E+12,22-11-2022,SOL,11.792,12.487,10.932,12.423,150984.7609,1875683.685
1.67E+12,21-11-2022,SOL,11.731,12.129,11.26,11.581,124197.1504,1438327.199
1.67E+12,21-11-2022,SOL,12.249,12.264,11.26,11.792,134958.2339,1591427.495
1.67E+12,20-11-2022,SOL,12.903,13.55,11.54,11.731,106477.9806,1249093.19
1.67E+12,20-11-2022,SOL,12.826,13.55,12.099,12.249,77760.20353,952484.733
1.67E+12,19-11-2022,SOL,12.87,12.989,12.564,12.903,47670.15733,615088.04
1.67E+12,19-11-2022,SOL,13.244,13.246,12.564,12.826,55782.53288,715466.7668
1.67E+12,18-11-2022,SOL,13.685,13.685,12.624,12.87,41209.97251,530372.3462
1.67E+12,18-11-2022,SOL,13.61,13.842,12.955,13.244,50077.9612,663232.5182
1.67E+12,17-11-2022,SOL,14.237,14.424,12.902,13.685,140226.2152,1918995.755
1.67E+12,17-11-2022,SOL,14.258,14.499,12.902,13.61,139073.3264,1892787.973
1.67E+12,16-11-2022,SOL,14.555,14.555,13.631,14.237,40565.51034,577531.1707
1.67E+12,16-11-2022,SOL,14.279,14.62,13.515,14.258,113796.8462,1622515.434
1.67E+12,15-11-2022,SOL,14.186,18,13.919,14.555,69240.70316,1007798.434
1.67E+12,15-11-2022,SOL,13.934,18,13.84,14.279,73771.56666,1053384.2
1.67E+12,14-11-2022,SOL,13.028,15.611,12.45,14.186,55820.88032,791875.0082
1.67E+12,14-11-2022,SOL,13.176,15.384,12.01,13.934,77009.14806,1073045.469
1.67E+12,13-11-2022,SOL,14.482,14.657,12.01,13.028,70119.81587,913520.9611
1.67E+12,13-11-2022,SOL,14.477,14.657,13.101,13.176,50425.67181,664408.6518
1.67E+12,12-11-2022,SOL,15.9,16.007,13.934,14.482,41665.41627,603398.5584
1.67E+12,12-11-2022,SOL,16.197,16.325,14.341,14.477,35066.51354,507657.9165
1.67E+12,11-11-2022,SOL,16.319,18.25,15.228,15.9,77211.23446,1227658.628
1.67E+12,11-11-2022,SOL,17.633,18.25,15.228,16.197,106476.25,1724595.821
1.67E+12,10-11-2022,SOL,15.156,19,12.66,16.319,283192.0749,4621411.471
1.67E+12,10-11-2022,SOL,14.068,19,12.66,17.633,310164.4121,5469129.079
1.67E+12,09-11-2022,SOL,22.096,22.096,11.73,15.156,265343.6953,4021549.047
1.67E+12,09-11-2022,SOL,24.359,24.359,11.73,14.068,576733.042,8113480.435
1.67E+12,08-11-2022,SOL,26.659,31.733,20.5,22.096,708736.805,15660248.44
1.67E+12,08-11-2022,SOL,29.365,31.733,21.5,24.359,721029.7778,17563564.36
1.67E+12,07-11-2022,SOL,32.455,32.868,25.86,26.659,268258.529,7151504.125
1.67E+12,07-11-2022,SOL,32.655,33.11,28.026,29.365,195391.1029,5737659.736
1.67E+12,06-11-2022,SOL,36.023,36.372,32.133,32.455,60339.66015,1958323.67
1.67E+12,06-11-2022,SOL,36.892,37.021,32.312,32.655,55252.65148,1804275.334
1.67E+12,05-11-2022,SOL,34.692,38.781,34.4,36.023,157681.1972,5680149.767
1.67E+12,05-11-2022,SOL,33.736,38.781,33.686,36.892,161435.2619,5955669.681
1.67E+12,04-11-2022,SOL,31.94,35.033,31.698,34.692,66964.6135,2323136.372
1.67E+12,04-11-2022,SOL,30.856,34.2,30.657,33.736,65839.59291,2221164.507
1.67E+12,03-11-2022,SOL,31.636,32.229,30.606,31.94,30725.20941,981363.1886
1.67E+12,03-11-2022,SOL,30.79,32.229,30.606,30.856,26533.84384,818728.2854
1.67E+12,02-11-2022,SOL,32.273,32.932,30.217,31.636,42265.18157,1337101.284
1.67E+12,02-11-2022,SOL,32.177,32.932,30.217,30.79,61017.37349,1878724.93
1.67E+12,01-11-2022,SOL,32.61,33.379,31.924,32.273,23773.16583,767231.3808
1.67E+12,01-11-2022,SOL,32.598,33.379,32.131,32.177,23841.49439,767147.765
1.67E+12,31-10-2022,SOL,32.784,34.371,32.167,32.61,47642.54885,1553623.518
1.67E+12,31-10-2022,SOL,32.933,34.371,32.167,32.598,46248.94807,1507623.209
1.67E+12,30-10-2022,SOL,32.99,33.535,31.94,32.784,26196.96059,858841.1559
1.67E+12,30-10-2022,SOL,32.863,33.535,31.94,32.933,24368.15685,802516.5095
1.67E+12,29-10-2022,SOL,32.946,33.846,32.552,32.99,36152.63788,1192675.523
1.67E+12,29-10-2022,SOL,32.059,33.846,31.875,32.863,40385.03538,1327173.418
1.67E+12,28-10-2022,SOL,30.677,33.004,30.121,32.946,61395.19142,2022725.976
1.67E+12,28-10-2022,SOL,30.568,32.547,30.121,32.059,60310.3986,1933491.069
1.67E+12,27-10-2022,SOL,32.313,33.949,31.837,32.806,0,0
1.67E+12,27-10-2022,SOL,31.466,32.35,30.367,30.677,46048.42026,1412627.388
1.67E+12,27-10-2022,SOL,31.251,32.35,30.467,30.568,44616.18114,1363827.425
1.67E+12,26-10-2022,SOL,32.313,33.949,31.837,32.806,0,0
1.67E+12,26-10-2022,SOL,31.127,31.627,31.056,31.466,3200.310218,100700.9613
1.67E+12,26-10-2022,SOL,30.9,32.176,30.647,31.251,78160.01417,2442578.603
1.67E+12,25-10-2022,SOL,32.313,33.949,31.837,32.806,0,0
1.67E+12,25-10-2022,SOL,28.483,32.317,28.045,31.127,114028.2903,3549358.593
1.67E+12,25-10-2022,SOL,28.308,32.317,28.045,30.9,104836.5453,3239449.248
1.67E+12,24-10-2022,SOL,32.313,33.949,31.837,32.806,0,0
1.67E+12,24-10-2022,SOL,28.607,29.187,28.105,28.483,30136.55778,858379.5753
1.67E+12,24-10-2022,SOL,29.282,29.488,28.179,28.308,35068.10252,992707.8462
1.67E+12,23-10-2022,SOL,32.313,33.949,31.837,32.806,0,0
1.67E+12,23-10-2022,SOL,28.364,29.488,27.738,28.607,29602.58203,846841.0642
1.67E+12,23-10-2022,SOL,28.031,29.429,27.738,29.282,25434.82592,744782.5726
1.67E+12,22-10-2022,SOL,32.313,33.949,31.837,32.806,0,0
1.67E+12,22-10-2022,SOL,27.826,28.578,27.482,28.364,21176.6809,600655.3771
1.67E+12,22-10-2022,SOL,28.127,28.213,27.482,28.031,21327.15127,597821.3772
1.67E+12,21-10-2022,SOL,32.313,33.949,31.837,32.806,0,0
1.67E+12,21-10-2022,SOL,28.129,28.27,26.854,27.826,57636.11493,1603782.534
1.67E+12,21-10-2022,SOL,28.085,28.27,26.854,28.127,68202.50309,1918331.804
1.67E+12,20-10-2022,SOL,32.313,33.949,31.837,32.806,0,0
1.67E+12,20-10-2022,SOL,28.932,29.462,27.515,28.129,54879.80231,1543713.959
1.67E+12,20-10-2022,SOL,28.858,29.462,27.962,28.085,46735.07229,1312554.505
1.67E+12,19-10-2022,SOL,32.313,33.949,31.837,32.806,0,0
1.67E+12,19-10-2022,SOL,30.056,30.056,28.421,28.932,15400.66356,445571.9982
1.67E+12,19-10-2022,SOL,30.14,30.24,28.626,28.858,37847.13441,1092192.605
1.67E+12,18-10-2022,SOL,32.313,33.949,31.837,32.806,0,0
1.67E+12,18-10-2022,SOL,31.087,31.241,29.729,30.056,33436.44811,1004965.884
1.67E+12,18-10-2022,SOL,31.208,31.485,29.729,30.14,31867.53027,960487.3624
1.67E+12,17-10-2022,SOL,32.313,33.949,31.837,32.806,0,0
1.67E+12,17-10-2022,SOL,30.007,31.485,29.953,31.087,30338.39083,943129.5559
1.67E+12,17-10-2022,SOL,30.141,31.281,29.855,31.208,30715.02246,958554.4211
1.67E+12,16-10-2022,SOL,32.313,33.949,31.837,32.806,0,0
1.67E+12,16-10-2022,SOL,29.763,30.521,29.69,30.007,18493.55037,554935.9659
1.67E+12,16-10-2022,SOL,29.595,30.521,29.58,30.141,24266.48112,731416.0074
1.67E+12,15-10-2022,SOL,32.313,33.949,31.837,32.806,0,0
1.67E+12,15-10-2022,SOL,30.112,30.185,29.367,29.763,26427.02958,786547.6814
1.67E+12,15-10-2022,SOL,30.008,30.189,29.367,29.595,24985.26455,739438.9043
1.67E+12,14-10-2022,SOL,32.313,33.949,31.837,32.806,0,0
1.67E+12,14-10-2022,SOL,31.64,31.978,29.644,30.112,42749.84853,1287283.439
1.67E+12,14-10-2022,SOL,30.489,31.978,29.644,30.008,45426.79564,1363167.284
1.67E+12,13-10-2022,SOL,32.313,33.949,31.837,32.806,0,0
1.67E+12,13-10-2022,SOL,30.773,31.884,27.822,31.64,144593.715,4574945.143
1.67E+12,13-10-2022,SOL,31.155,31.193,27.822,30.489,138763.3562,4230755.967
1.67E+12,12-10-2022,SOL,32.313,33.949,31.837,32.806,0,0
1.67E+12,12-10-2022,SOL,30.96,31.286,30.519,30.773,12368.78891,380624.741
1.67E+12,12-10-2022,SOL,30.797,31.528,30.688,31.155,27587.86917,859500.0638
1.67E+12,11-10-2022,SOL,32.313,33.949,31.837,32.806,0,0
1.67E+12,11-10-2022,SOL,31.372,31.856,30.423,30.96,36009.49108,1114853.844
1.67E+12,11-10-2022,SOL,31.943,31.943,30.423,30.797,34604.6232,1065718.581
1.67E+12,10-10-2022,SOL,32.313,33.949,31.837,32.806,0,0
1.67E+12,10-10-2022,SOL,33.03,33.117,31.079,31.372,23949.30048,751337.4545
1.67E+12,10-10-2022,SOL,32.926,33.46,31.878,31.943,19425.50473,620508.8976
1.67E+12,09-10-2022,SOL,32.313,33.949,31.837,32.806,0,0
1.67E+12,09-10-2022,SOL,32.526,33.46,32.468,33.03,7926.357007,261807.5719
1.67E+12,09-10-2022,SOL,32.586,33.123,32.446,32.926,8059.178401,265356.508
1.67E+12,08-10-2022,SOL,32.313,33.949,31.837,32.806,0,0
1.67E+12,08-10-2022,SOL,32.836,33.001,32.367,32.526,6319.994588,205564.144
1.67E+12,08-10-2022,SOL,32.974,33.052,32.367,32.586,7167.040872,233545.1939
1.67E+12,07-10-2022,SOL,32.313,33.949,31.837,32.806,0,0
1.67E+12,07-10-2022,SOL,33.647,33.763,32.427,32.836,28863.01802,947746.0597
1.67E+12,07-10-2022,SOL,33.362,33.766,32.427,32.974,28536.07408,940948.5066
1.67E+12,06-10-2022,SOL,32.313,33.949,31.837,32.806,0,0
1.67E+12,06-10-2022,SOL,34.334,34.334,33.247,33.647,8323.55417,280062.6272
1.67E+12,06-10-2022,SOL,34.067,34.499,33.247,33.362,33241.18955,1108992.566
1.66E+12,05-10-2022,SOL,32.313,33.949,31.837,32.806,0,0
1.66E+12,05-10-2022,SOL,34.087,34.499,33.191,34.334,44973.2894,1544112.918
1.66E+12,05-10-2022,SOL,34.145,34.37,33.191,34.067,46397.17142,1580612.439
1.66E+12,04-10-2022,SOL,32.313,33.949,31.837,32.806,0,0
1.66E+12,04-10-2022,SOL,33.103,34.403,33,34.087,44280.65233,1509394.596
1.66E+12,04-10-2022,SOL,32.895,34.403,32.854,34.145,34882.32465,1191056.975
1.66E+12,03-10-2022,SOL,32.313,33.949,31.837,32.806,0,0
1.66E+12,03-10-2022,SOL,32.311,33.262,32,33.103,26390.72864,873612.2901
1.66E+12,03-10-2022,SOL,32.054,33.262,31.734,32.895,25368.74437,834504.8462
1.66E+12,02-10-2022,SOL,32.313,33.949,31.837,32.806,0,0
1.66E+12,02-10-2022,SOL,32.837,33.001,31.734,32.311,18466.78336,596680.237
1.66E+12,02-10-2022,SOL,32.436,33.001,31.896,32.054,19140.52915,613530.5213
1.66E+12,01-10-2022,SOL,32.313,33.949,31.837,32.806,0,0
1.66E+12,01-10-2022,SOL,33.07,33.149,32.367,32.837,22500.54461,738850.3832
1.66E+12,01-10-2022,SOL,33.244,33.244,32.367,32.436,27185.00612,881772.8584
1.66E+12,30-09-2022,SOL,32.313,33.949,31.837,32.806,0,0
1.66E+12,30-09-2022,SOL,34.072,35.212,32.628,33.07,103707.3641,3429602.529
1.66E+12,30-09-2022,SOL,33.946,35.212,32.628,33.244,106214.9732,3531010.567
1.66E+12,29-09-2022,SOL,32.313,33.949,31.837,32.806,0,0
1.66E+12,29-09-2022,SOL,33.728,34.421,32.663,34.072,135888.9309,4630007.653
1.66E+12,29-09-2022,SOL,33.223,34.421,32.663,33.946,136473.9768,4632745.615
1.66E+12,28-09-2022,SOL,32.313,33.949,31.837,32.806,0,0
1.66E+12,28-09-2022,SOL,32.389,33.908,32.389,33.728,35056.05242,1182370.536
1.66E+12,28-09-2022,SOL,32.678,33.796,31.664,33.223,97207.29386,3229517.924
1.66E+12,27-09-2022,SOL,32.313,33.949,31.837,32.806,0,0
1.66E+12,27-09-2022,SOL,34.749,35.408,31.664,32.389,129854.3936,4205853.955
1.66E+12,27-09-2022,SOL,33.912,35.408,32.077,32.678,132133.5708,4317860.828
1.66E+12,26-09-2022,SOL,32.313,33.949,31.837,32.806,0,0
1.66E+12,26-09-2022,SOL,32.486,34.957,31.883,34.749,53008.80052,1842002.809
1.66E+12,26-09-2022,SOL,32.369,33.943,31.883,33.912,36439.29704,1235729.441
1.66E+12,25-09-2022,SOL,32.313,33.949,31.837,32.806,0,0
1.66E+12,25-09-2022,SOL,33.663,34.031,31.892,32.486,22268.08057,723400.8655
1.66E+12,25-09-2022,SOL,33.44,34.031,31.892,32.369,19900.01165,644143.4772
1.66E+12,24-09-2022,SOL,32.313,33.949,31.837,32.806,0,0
1.66E+12,24-09-2022,SOL,34.009,34.76,33.154,33.663,40307.92309,1356885.615
1.66E+12,24-09-2022,SOL,33.703,34.76,33.154,33.44,55596.95443,1859162.156
1.66E+12,23-09-2022,SOL,32.313,33.949,31.837,32.806,0,0
1.66E+12,23-09-2022,SOL,32.968,34.5,31.225,34.009,112112.7981,3812844.151
1.66E+12,23-09-2022,SOL,32.437,33.971,31.225,33.703,99139.3563,3341293.725
1.66E+12,22-09-2022,SOL,32.313,33.949,31.837,32.806,0,0
1.66E+12,22-09-2022,SOL,31.025,33.2,31.025,32.968,33906.1541,1117818.088
1.66E+12,22-09-2022,SOL,30.672,32.859,30.59,32.437,38489.70579,1248490.587
1.66E+12,21-09-2022,SOL,32.313,33.949,31.837,32.806,0,0
1.66E+12,21-09-2022,SOL,31.833,33.46,30.015,31.025,76531.68568,2374395.548
1.66E+12,21-09-2022,SOL,31.396,33.46,30.015,30.672,106956.5128,3280570.159
1.66E+12,20-09-2022,SOL,32.313,33.949,31.837,32.806,0,0
1.66E+12,20-09-2022,SOL,32.438,32.726,31.313,31.833,79494.69881,2530554.747
1.66E+12,20-09-2022,SOL,32.585,32.903,31.313,31.396,78550.6517,2466176.261
1.66E+12,19-09-2022,SOL,32.313,33.949,31.837,32.806,0,0
1.66E+12,19-09-2022,SOL,30.912,33.07,30.622,32.438,59092.09651,1916829.427
1.66E+12,19-09-2022,SOL,31.098,33.07,30.508,32.585,87120.06202,2838807.221
1.66E+12,18-09-2022,SOL,32.313,33.949,31.837,32.806,0,0
1.66E+12,18-09-2022,SOL,33.417,33.971,30.508,30.912,72830.61363,2251339.928
1.66E+12,18-09-2022,SOL,33.676,33.971,30.87,31.098,45751.84755,1422790.955
1.66E+12,17-09-2022,SOL,32.313,33.949,31.837,32.806,0,0
1.66E+12,17-09-2022,SOL,32.671,33.867,32.545,33.417,16880.51385,564096.1313
1.66E+12,17-09-2022,SOL,32.224,33.867,32.224,33.676,11600.40879,390655.3665
1.66E+12,16-09-2022,SOL,32.313,33.949,31.837,32.806,0,0
1.66E+12,16-09-2022,SOL,32.85,33.125,31.516,32.671,60329.57391,1971027.509
1.66E+12,16-09-2022,SOL,33.078,33.244,31.516,32.224,71700.52119,2310477.595
1.66E+12,15-09-2022,SOL,32.313,33.949,31.837,32.806,0,0
1.66E+12,15-09-2022,SOL,33.091,34.827,32.401,32.85,81562.12189,2679315.704
1.66E+12,15-09-2022,SOL,34.107,34.827,32.401,33.078,73107.65448,2418254.995
1.66E+12,14-09-2022,SOL,32.313,33.949,31.837,32.806,0,0
1.66E+12,14-09-2022,SOL,33.599,34.344,32.731,33.091,22668.45918,750121.9828
1.66E+12,14-09-2022,SOL,32.992,34.344,32.699,34.107,35148.5814,1198812.666
1.66E+12,13-09-2022,SOL,32.313,33.949,31.837,32.806,0,0
1.66E+12,13-09-2022,SOL,38.717,39.319,32.699,33.599,152132.0812,5111485.797
1.66E+12,13-09-2022,SOL,37.452,39.319,32.95,32.992,174106.1108,5744108.809
1.66E+12,12-09-2022,SOL,32.313,33.949,31.837,32.806,0,0
1.66E+12,12-09-2022,SOL,34.925,38.895,34.602,38.717,148842.1433,5762721.261
1.66E+12,12-09-2022,SOL,34.996,38.363,34.417,37.452,152963.0355,5728771.606
1.66E+12,11-09-2022,SOL,32.313,33.949,31.837,32.806,0,0
1.66E+12,11-09-2022,SOL,34.822,36.299,34.08,34.925,77111.97126,2693135.596
1.66E+12,11-09-2022,SOL,35.063,35.975,34.08,34.996,46013.61009,1610292.299
1.66E+12,10-09-2022,SOL,32.313,33.949,31.837,32.806,0,0
1.66E+12,10-09-2022,SOL,34.736,35.408,34.303,34.822,36798.68203,1281403.706
1.66E+12,10-09-2022,SOL,34.727,35.408,34.303,35.063,35798.60686,1255206.552
1.66E+12,09-09-2022,SOL,32.313,33.949,31.837,32.806,0,0
1.66E+12,09-09-2022,SOL,34.725,35.945,34.299,34.736,88109.93518,3060586.708
1.66E+12,09-09-2022,SOL,33.616,35.945,33.6,34.727,109262.453,3794357.205
1.66E+12,08-09-2022,SOL,32.313,33.949,31.837,32.806,0,0
1.66E+12,08-09-2022,SOL,32.389,34.82,32.03,34.725,72711.67884,2524913.048
1.66E+12,08-09-2022,SOL,32.676,33.968,32.03,33.616,51563.48228,1733358.02
1.66E+12,07-09-2022,SOL,32.313,33.949,31.837,32.806,0,0
1.66E+12,07-09-2022,SOL,30.81,32.935,30.81,32.389,13505.97585,437445.0517
1.66E+12,07-09-2022,SOL,30.876,32.935,30.327,32.676,24047.19116,785766.0182
1.66E+12,06-09-2022,SOL,32.313,33.949,31.837,32.806,0,0
1.66E+12,06-09-2022,SOL,32.668,33.871,30.327,30.81,52257.04906,1610039.681
1.66E+12,06-09-2022,SOL,32.201,33.871,30.465,30.876,69428.45882,2143673.095
1.66E+12,05-09-2022,SOL,32.313,33.949,31.837,32.806,0,0
1.66E+12,05-09-2022,SOL,32.086,33.533,31.154,32.668,35361.64975,1155194.374
1.66E+12,05-09-2022,SOL,32.154,32.492,31.154,32.201,15068.25189,485212.7792
1.66E+12,04-09-2022,SOL,32.313,33.949,31.837,32.806,0,0
1.66E+12,04-09-2022,SOL,31.445,32.492,31.063,32.086,12558.40578,402949.008
1.66E+12,04-09-2022,SOL,31.14,32.176,31.063,32.154,15585.15439,501125.0544
1.66E+12,03-09-2022,SOL,32.313,33.949,31.837,32.806,0,0
1.66E+12,03-09-2022,SOL,30.923,31.702,30.808,31.445,13995.14774,440077.4208
1.66E+12,03-09-2022,SOL,31.277,31.283,30.808,31.14,12502.54465,389329.2405
1.66E+12,02-09-2022,SOL,32.313,33.949,31.837,32.806,0,0
1.66E+12,02-09-2022,SOL,31.59,32.376,30.782,30.923,21351.65919,660257.3571
1.66E+12,02-09-2022,SOL,31.623,32.376,30.782,31.277,20774.62255,649767.8694
1.66E+12,01-09-2022,SOL,32.313,33.949,31.837,32.806,0,0
1.66E+12,01-09-2022,SOL,31.223,31.808,30.434,31.59,27408.63383,865838.7427
1.66E+12,01-09-2022,SOL,31.482,31.783,30.434,31.623,31356.27841,991579.5922
1.66E+12,31-08-2022,SOL,32.313,33.949,31.837,32.806,0,0
1.66E+12,31-08-2022,SOL,32.437,32.453,30.971,31.223,15469.55518,483005.9215
1.66E+12,31-08-2022,SOL,31.429,32.955,31.198,31.482,44090.2768,1388050.094
1.66E+12,30-08-2022,SOL,32.313,33.949,31.837,32.806,0,0
1.66E+12,30-08-2022,SOL,32.349,33.161,30.647,32.437,48510.56652,1573537.246
1.66E+12,30-08-2022,SOL,32.521,33.161,30.647,31.429,36495.93798,1147030.835
1.66E+12,29-08-2022,SOL,32.313,33.949,31.837,32.806,0,0
1.66E+12,29-08-2022,SOL,30.737,32.659,30.123,32.349,39002.10781,1261679.185
1.66E+12,29-08-2022,SOL,30.441,32.659,30,32.521,47164.36992,1533832.474
1.66E+12,28-08-2022,SOL,32.313,33.949,31.837,32.806,0,0
1.66E+12,28-08-2022,SOL,31.426,32.215,30,30.737,34295.37538,1054136.953
1.66E+12,28-08-2022,SOL,31.538,32.215,30.17,30.441,23308.64488,709538.4589
1.66E+12,27-08-2022,SOL,32.313,33.949,31.837,32.806,0,0
1.66E+12,27-08-2022,SOL,31.897,32.257,30.89,31.426,33527.67132,1053640.599
1.66E+12,27-08-2022,SOL,31.757,32.257,30.89,31.538,41686.64375,1314713.371
1.66E+12,26-08-2022,SOL,32.313,33.949,31.837,32.806,0,0
1.66E+12,26-08-2022,SOL,35.132,35.79,31.367,31.897,112171.0444,3577919.803
1.66E+12,26-08-2022,SOL,35.26,35.79,31.367,31.757,104913.1926,3331728.258
1.66E+12,25-08-2022,SOL,32.313,33.949,31.837,32.806,0,0
1.66E+12,25-08-2022,SOL,35.209,36.49,34.518,35.132,41909.60035,1472368.079
1.66E+12,25-08-2022,SOL,34.884,36.49,34.884,35.26,44590.92589,1572276.047
1.66E+12,24-08-2022,SOL,32.313,33.949,31.837,32.806,0,0
1.66E+12,24-08-2022,SOL,34.627,36.279,34.627,35.209,9159.88361,322510.342
1.66E+12,24-08-2022,SOL,35.591,36.402,34.337,34.884,45650.41184,1592468.967
1.66E+12,23-08-2022,SOL,32.313,33.949,31.837,32.806,0,0
1.66E+12,23-08-2022,SOL,35.18,36.103,34.243,34.627,57689.38655,1997610.388
1.66E+12,23-08-2022,SOL,35.492,36.103,34.243,35.591,56677.85522,2017221.545
1.66E+12,22-08-2022,SOL,32.313,33.949,31.837,32.806,0,0
1.66E+12,22-08-2022,SOL,36.117,36.329,33.761,35.18,44803.70349,1576194.289
1.66E+12,22-08-2022,SOL,36.408,36.876,33.761,35.492,41351.31993,1467641.047
1.66E+12,21-08-2022,SOL,32.313,33.949,31.837,32.806,0,0
1.66E+12,21-08-2022,SOL,35.141,37.05,34.523,36.117,24723.77669,892948.6428
1.66E+12,21-08-2022,SOL,35.275,37.05,34.523,36.408,23970.07131,872702.3564
1.66E+12,20-08-2022,SOL,32.313,33.949,31.837,32.806,0,0
1.66E+12,20-08-2022,SOL,36.652,37.26,34.226,35.141,40889.22401,1436888.221
1.66E+12,20-08-2022,SOL,35.88,37.26,34.226,35.275,43782.55616,1544429.669
1.66E+12,19-08-2022,SOL,32.313,33.949,31.837,32.806,0,0
1.66E+12,19-08-2022,SOL,38.305,38.425,35.1,36.652,80641.77174,2955682.218
1.66E+12,19-08-2022,SOL,39.55,39.569,35.1,35.88,96071.89974,3447059.763
1.66E+12,18-08-2022,SOL,32.313,33.949,31.837,32.806,0,0
1.66E+12,18-08-2022,SOL,40.808,41.653,37.85,38.305,56305.56078,2156784.505
1.66E+12,18-08-2022,SOL,40.549,41.653,39.356,39.55,40103.9109,1586109.676
1.66E+12,17-08-2022,SOL,32.313,33.949,31.837,32.806,0,0
1.66E+12,17-08-2022,SOL,44.02,44.73,40.135,40.808,71938.14083,2935651.651
1.66E+12,17-08-2022,SOL,43.078,44.73,40.186,40.549,73689.74101,2988045.308
1.66E+12,16-08-2022,SOL,32.313,33.949,31.837,32.806,0,0
1.66E+12,16-08-2022,SOL,43.668,44.308,42.565,44.02,82725.99891,3641598.472
1.66E+12,16-08-2022,SOL,43.782,44.308,42.561,43.078,87837.76629,3783875.296
1.66E+12,15-08-2022,SOL,32.313,33.949,31.837,32.806,0,0
1.66E+12,15-08-2022,SOL,46.616,46.65,42.561,43.668,71377.2591,3116902.15
1.66E+12,15-08-2022,SOL,44.9,47.25,42.78,43.782,77178.22865,3379017.207
1.66E+12,14-08-2022,SOL,32.313,33.949,31.837,32.806,0,0
1.66E+12,14-08-2022,SOL,46.8,48.072,44.372,46.616,79155.01986,3689890.406
1.66E+12,14-08-2022,SOL,46.59,48.072,44.452,44.9,68929.51186,3094935.083
1.66E+12,13-08-2022,SOL,32.313,33.949,31.837,32.806,0,0
1.66E+12,13-08-2022,SOL,47.479,47.66,46.11,46.8,19507.85433,912967.5825
1.66E+12,13-08-2022,SOL,45.499,48.415,45.308,46.59,80163.72527,3734827.96
1.66E+12,12-08-2022,SOL,32.313,33.949,31.837,32.806,0,0
1.66E+12,12-08-2022,SOL,43.4,47.8,42.161,47.479,93582.89774,4443222.402
1.66E+12,12-08-2022,SOL,42.785,45.511,42.161,45.499,56924.20987,2589994.625
1.66E+12,11-08-2022,SOL,32.313,33.949,31.837,32.806,0,0
1.66E+12,11-08-2022,SOL,43.872,44.031,42.185,43.4,31152.91381,1352036.459
1.66E+12,11-08-2022,SOL,42.588,45.343,42.356,42.785,117112.3058,5010650.005
1.66E+12,10-08-2022,SOL,32.313,33.949,31.837,32.806,0,0
1.66E+12,10-08-2022,SOL,39.274,44.064,39.16,43.872,112304.3092,4927014.652
1.66E+12,10-08-2022,SOL,40.367,42.884,39.16,42.588,80535.3824,3429840.866
1.66E+12,09-08-2022,SOL,32.313,33.949,31.837,32.806,0,0
1.66E+12,09-08-2022,SOL,42.41,42.766,39.172,39.274,47877.57593,1880343.917
1.66E+12,09-08-2022,SOL,42.253,42.766,39.777,40.367,37702.88328,1521952.289
1.66E+12,08-08-2022,SOL,32.313,33.949,31.837,32.806,0,0
1.66E+12,08-08-2022,SOL,41.925,43.71,41.54,42.41,52639.29021,2232432.298
1.66E+12,08-08-2022,SOL,40.624,43.71,40.578,42.253,72052.7419,3044444.503
1.66E+12,07-08-2022,SOL,32.313,33.949,31.837,32.806,0,0
1.66E+12,07-08-2022,SOL,39.774,42.074,39.701,41.925,70161.48383,2941520.21
1.66E+12,07-08-2022,SOL,40.065,41.55,39.225,40.624,50045.78649,2033060.03
1.66E+12,06-08-2022,SOL,32.313,33.949,31.837,32.806,0,0
1.66E+12,06-08-2022,SOL,40.516,40.905,39.225,39.774,27542.13097,1095460.717
1.66E+12,06-08-2022,SOL,40.61,40.905,39.892,40.065,33784.19896,1353563.931
1.66E+12,05-08-2022,SOL,32.313,33.949,31.837,32.806,0,0
1.66E+12,05-08-2022,SOL,40.134,41.34,39.43,40.516,55092.32531,2232120.652
1.66E+12,05-08-2022,SOL,38.733,41.34,38.707,40.61,53069.66141,2155158.95
1.66E+12,04-08-2022,SOL,32.313,33.949,31.837,32.806,0,0
1.66E+12,04-08-2022,SOL,39.332,40.165,37.99,40.134,66103.79774,2653009.818
1.66E+12,04-08-2022,SOL,38.569,39.857,37.99,38.733,83221.02533,3223399.974
1.66E+12,03-08-2022,SOL,32.313,33.949,31.837,32.806,0,0
1.66E+12,03-08-2022,SOL,38.514,40.735,38.219,39.332,61302.78559,2411161.163
1.66E+12,03-08-2022,SOL,39.783,40.978,37.445,38.569,261190.5723,10073859.18
1.66E+12,02-08-2022,SOL,32.313,33.949,31.837,32.806,0,0
1.66E+12,02-08-2022,SOL,40.232,42.447,37.445,38.514,194215.4439,7480013.607
1.66E+12,02-08-2022,SOL,41.709,42.447,39.514,39.783,57340.70074,2281185.098
1.66E+12,01-08-2022,SOL,32.313,33.949,31.837,32.806,0,0
1.66E+12,01-08-2022,SOL,42.971,43.14,39.964,40.232,68928.60121,2773135.484
1.66E+12,01-08-2022,SOL,42.389,43.271,40.575,41.709,68941.48119,2875480.239
1.66E+12,31-07-2022,SOL,32.313,33.949,31.837,32.806,0,0
1.66E+12,31-07-2022,SOL,43.306,45.2,42.13,42.971,63718.15488,2738032.834
1.66E+12,31-07-2022,SOL,43.89,45.2,42.235,42.389,62843.48777,2663872.603
1.66E+12,30-07-2022,SOL,32.313,33.949,31.837,32.806,0,0
1.66E+12,30-07-2022,SOL,41.874,46.674,41.472,43.306,82998.30646,3594324.659
1.66E+12,30-07-2022,SOL,41.944,46.674,41.459,43.89,88118.02757,3867500.23
1.66E+12,29-07-2022,SOL,32.313,33.949,31.837,32.806,0,0
1.66E+12,29-07-2022,SOL,43.505,44.439,41.157,41.874,84843.37666,3552731.554
1.66E+12,29-07-2022,SOL,42.965,44.439,41.157,41.944,84879.45542,3560183.878
1.66E+12,28-07-2022,SOL,32.313,33.949,31.837,32.806,0,0
1.66E+12,28-07-2022,SOL,39.694,44.185,39.694,43.505,56266.68877,2447882.295
1.66E+12,28-07-2022,SOL,40.239,44.185,39.048,42.965,135274.0159,5812048.094
1.66E+12,27-07-2022,SOL,32.313,33.949,31.837,32.806,0,0
1.66E+12,27-07-2022,SOL,35.766,40.559,35.766,39.694,123075.9737,4885377.699
1.66E+12,27-07-2022,SOL,36.308,40.559,35.685,40.239,114887.5948,4622961.926
1.66E+12,26-07-2022,SOL,32.313,33.949,31.837,32.806,0,0
1.66E+12,26-07-2022,SOL,36.249,36.49,34.67,35.766,53562.81788,1915727.744
1.66E+12,26-07-2022,SOL,36.607,36.834,34.67,36.308,67837.95683,2463060.537
1.66E+12,25-07-2022,SOL,32.313,33.949,31.837,32.806,0,0
1.66E+12,25-07-2022,SOL,38.069,39.355,35.543,36.249,104842.026,3800418.6
1.66E+12,25-07-2022,SOL,40.95,41.1,36.571,36.607,110121.403,4031214.201
1.66E+12,24-07-2022,SOL,32.313,33.949,31.837,32.806,0,0
1.66E+12,24-07-2022,SOL,39.594,42.092,37.756,38.069,58028.12206,2209072.579
1.66E+12,24-07-2022,SOL,39.985,42.092,39.489,40.95,43318.74966,1773902.798
1.66E+12,23-07-2022,SOL,32.313,33.949,31.837,32.806,0,0
1.66E+12,23-07-2022,SOL,41.077,41.923,38.615,39.594,142917.3105,5658667.994
1.66E+12,23-07-2022,SOL,40.547,41.923,38.615,39.985,143150.608,5723877.062
1.66E+12,22-07-2022,SOL,32.313,33.949,31.837,32.806,0,0
1.66E+12,22-07-2022,SOL,42.683,44.324,40.023,41.077,68732.99123,2823345.081
1.66E+12,22-07-2022,SOL,43.143,44.324,40.023,40.547,75442.95868,3058985.645
1.66E+12,21-07-2022,SOL,32.313,33.949,31.837,32.806,0,0
1.66E+12,21-07-2022,SOL,40.047,44.072,39.663,42.683,90810.95416,3876083.957
1.66E+12,21-07-2022,SOL,42.072,44.072,39.663,43.143,104203.2017,4495638.733
1.66E+12,20-07-2022,SOL,32.313,33.949,31.837,32.806,0,0
1.66E+12,20-07-2022,SOL,45.52,46.307,39.903,40.047,121641.9534,4871395.308
1.66E+12,20-07-2022,SOL,44.857,46.307,41.313,42.072,105968.2735,4458297.204
1.66E+12,19-07-2022,SOL,32.313,33.949,31.837,32.806,0,0
1.66E+12,19-07-2022,SOL,43,47.335,42.535,45.52,118591.4822,5398284.271
1.66E+12,19-07-2022,SOL,43.497,47.335,42.535,44.857,162343.1396,7282226.213
1.66E+12,18-07-2022,SOL,32.313,33.949,31.837,32.806,0,0
1.66E+12,18-07-2022,SOL,40.592,46.062,39.674,43,159784.7494,6870744.226
1.66E+12,18-07-2022,SOL,38.51,44.052,38.51,43.497,113506.7259,4937202.058
1.66E+12,17-07-2022,SOL,32.313,33.949,31.837,32.806,0,0
1.66E+12,17-07-2022,SOL,39.858,41.052,38.314,40.592,52299.06848,2122923.788
1.66E+12,17-07-2022,SOL,39.607,41.052,38.314,38.51,50566.13037,1947301.681
1.66E+12,16-07-2022,SOL,32.313,33.949,31.837,32.806,0,0
1.66E+12,16-07-2022,SOL,37.221,40.486,36.329,39.858,78647.30481,3134724.275
1.66E+12,16-07-2022,SOL,37.349,40.426,36.329,39.607,77897.57864,3085289.397
1.66E+12,15-07-2022,SOL,37.718,39.08,37.047,37.349,42620.86793,1591846.796
1.66E+12,15-07-2022,SOL,37.419,39.08,36.508,37.221,74957.59057,2789996.479
1.66E+12,15-07-2022,SOL,37.131,39.08,36.508,37.349,71915.09167,2685956.759
1.66E+12,14-07-2022,SOL,35.112,38.568,34.818,37.718,83292.96716,3141644.135
1.66E+12,14-07-2022,SOL,34.542,37.829,33.561,37.419,85086.44769,3183849.786
1.66E+12,13-07-2022,SOL,33.202,35.285,32.953,35.112,67098.20112,2355952.038
1.66E+12,13-07-2022,SOL,33.019,35.285,33.019,34.542,30516.29267,1054093.782
1.66E+12,12-07-2022,SOL,34.203,34.439,31.756,33.202,103248.7859,3428066.189
1.66E+12,12-07-2022,SOL,33.575,34.545,32.354,33.019,74738.12714,2467778.22
1.66E+12,11-07-2022,SOL,35.161,35.638,33.105,34.203,52766.05217,1804757.282
1.66E+12,11-07-2022,SOL,35.786,35.806,33.207,33.575,51005.00229,1712492.952
1.66E+12,10-07-2022,SOL,36.662,37.419,34.605,35.161,42054.75277,1478687.162
1.66E+12,10-07-2022,SOL,37.396,37.51,35.332,35.786,20812.71069,744803.6648
1.66E+12,09-07-2022,SOL,38.104,38.89,36.258,36.662,14511.54451,532022.2447
1.66E+12,09-07-2022,SOL,38.299,38.89,37.06,37.396,22743.01696,850497.862
1.66E+12,08-07-2022,SOL,38.532,39.31,37.746,38.104,65837.85707,2508685.706
1.66E+12,08-07-2022,SOL,38.635,39.31,36.441,38.299,96711.04087,3703936.154
1.66E+12,07-07-2022,SOL,38.28,39.765,36.441,38.532,111946.9728,4313540.757
1.66E+12,07-07-2022,SOL,37.082,39.765,36.362,38.635,124313.2452,4802842.228
1.66E+12,06-07-2022,SOL,35.679,38.547,35.651,38.28,168407.6371,6446644.347
1.66E+12,06-07-2022,SOL,35.512,37.601,35.512,37.082,111362.0165,4129526.295
1.66E+12,05-07-2022,SOL,33.817,36.643,33.602,35.679,205217.7869,7321965.418
1.66E+12,05-07-2022,SOL,35.767,36.372,33.086,35.512,205041.1947,7281422.908
1.66E+12,04-07-2022,SOL,34.282,36.919,33.086,33.817,158672.9805,5365844.18
1.66E+12,04-07-2022,SOL,32.618,36.919,32.405,35.767,128981.7554,4613290.444
1.66E+12,03-07-2022,SOL,32.332,34.921,32.288,34.282,84189.54859,2886186.105
1.66E+12,03-07-2022,SOL,33.053,33.818,32.121,32.618,48299.07076,1575419.09
1.66E+12,02-07-2022,SOL,32.806,34.081,32.121,32.332,42038.52792,1359189.685
1.66E+12,02-07-2022,SOL,32.104,34.081,31.837,33.053,73400.45159,2426105.126
1.66E+12,01-07-2022,SOL,32.313,33.949,31.837,32.806,145875.0275,4785576.151
1.66E+12,01-07-2022,SOL,33.616,33.949,31.793,32.104,227105.5259,7290995.802
1.66E+12,30-06-2022,SOL,32.059,35.339,31.446,32.313,283233.1027,9152111.249
1.66E+12,30-06-2022,SOL,32.952,35.339,30.886,33.616,188832.6312,6347797.731
1.66E+12,29-06-2022,SOL,34.583,35.066,30.886,32.059,66182.67255,2121750.299
1.66E+12,29-06-2022,SOL,35.466,35.466,32.5,32.952,24016.31339,791385.559
1.66E+12,28-06-2022,SOL,36.994,37.143,33.58,34.583,97421.65096,3369132.955
1.66E+12,28-06-2022,SOL,37.701,39.839,35.011,35.466,90023.17158,3192761.803
1.66E+12,27-06-2022,SOL,38.657,39.839,36.973,36.994,84230.22509,3116012.947
1.66E+12,27-06-2022,SOL,40.188,41.198,36.973,37.701,92043.66917,3470138.371
1.66E+12,26-06-2022,SOL,40.592,41.35,38.25,38.657,89192.20475,3447903.059
1.66E+12,26-06-2022,SOL,41.48,42.432,38.941,40.188,56707.10483,2278945.129
1.66E+12,25-06-2022,SOL,39.845,42.542,39.755,40.592,46844.73834,1901521.619
1.66E+12,25-06-2022,SOL,41.36,42.57,39.75,41.48,66469.27779,2757145.643
1.66E+12,24-06-2022,SOL,40.027,42.862,39.43,39.845,100769.8131,4015173.202
1.66E+12,24-06-2022,SOL,38.85,42.862,37.739,41.36,150409.093,6220920.087
1.66E+12,23-06-2022,SOL,37.21,41.262,36.255,40.027,192207.476,7693488.642
1.66E+12,23-06-2022,SOL,35.151,39.578,34.984,38.85,166240.0709,6458426.753
1.66E+12,22-06-2022,SOL,34.7,37.717,33.858,37.21,110329.8182,4105372.534
1.66E+12,22-06-2022,SOL,34.681,36.02,33.858,35.151,53476.96869,1879768.926
1.66E+12,21-06-2022,SOL,37.933,38.547,33.636,34.7,100056.0798,3471945.97
1.66E+12,21-06-2022,SOL,35.154,35.943,34.534,34.681,941.319349,32645.89634
1.66E+12,20-06-2022,SOL,35.264,39.09,33.765,37.933,162448.6281,6162163.809
1.66E+12,20-06-2022,SOL,32.245,36.835,31.7,35.154,199904.389,7027438.891
1.66E+12,19-06-2022,SOL,33.496,36.835,31.7,35.264,238787.5385,8420603.757
1.66E+12,19-06-2022,SOL,30.041,35.3,28.808,32.245,183386.7997,5913307.356
1.66E+12,18-06-2022,SOL,29.755,33.555,27.1,33.496,209221.3496,7008078.325
1.66E+12,18-06-2022,SOL,30.042,32.261,27.1,30.041,206951.4412,6217028.246
1.66E+12,17-06-2022,SOL,31.217,32.065,27.811,29.755,105330.0437,3134095.451
1.66E+12,17-06-2022,SOL,30,32.075,29.744,30.042,81342.71731,2443697.914
1.66E+12,16-06-2022,SOL,31.232,32.637,29.242,31.217,177682.7285,5546721.735
1.66E+12,16-06-2022,SOL,33.783,34.195,29.242,30,259235.612,7777068.36
1.66E+12,15-06-2022,SOL,29.48,35.966,28.111,31.232,370697.7577,11577632.37
1.66E+12,15-06-2022,SOL,28.763,35.966,28.111,33.783,215093.3102,7266497.297
1.66E+12,14-06-2022,SOL,31.056,31.135,26.746,29.48,283434.3887,8355645.778
1.66E+12,14-06-2022,SOL,28.964,32.119,27.981,28.763,283889.0426,8165500.532
1.66E+12,13-06-2022,SOL,27.958,32.119,25.85,31.056,439602.1483,13652284.32
1.66E+12,13-06-2022,SOL,28.82,29.823,25.85,28.964,579313.5147,16779236.64
1.66E+12,12-06-2022,SOL,33.992,34.227,26,27.958,445470.5794,12454466.46
1.66E+12,12-06-2022,SOL,32.391,34.435,27.649,28.82,242644.1019,6993003.018
1.65E+12,11-06-2022,SOL,33.699,34.732,31.05,33.992,162119.7716,5510775.276
1.65E+12,11-06-2022,SOL,37.563,37.872,31.486,32.391,142075.0666,4601953.483
1.65E+12,10-06-2022,SOL,37.975,38.005,33.157,33.699,107344.889,3617415.415
1.65E+12,10-06-2022,SOL,40.271,40.779,36.783,37.563,95022.38413,3569325.815
1.65E+12,09-06-2022,SOL,40.333,41.366,37.461,37.975,80884.09548,3071573.526
1.65E+12,09-06-2022,SOL,39.157,41.901,38.876,40.271,84904.85274,3419203.325
1.65E+12,08-06-2022,SOL,39.668,41.901,38.436,40.333,93248.50567,3760991.979
1.65E+12,08-06-2022,SOL,38.62,39.604,38.436,39.157,33840.11267,1325077.292
1.65E+12,07-06-2022,SOL,39.151,41.332,38.265,39.668,103401.2212,4101719.644
1.65E+12,07-06-2022,SOL,39.563,41.332,37.181,38.62,131800.8293,5090148.027
1.65E+12,06-06-2022,SOL,42.8,43.172,37.181,39.151,168630.6109,6602057.049
1.65E+12,06-06-2022,SOL,41.775,44.784,38.726,39.563,205928.1687,8147136.138
1.65E+12,05-06-2022,SOL,39.772,44.784,38.324,42.8,163971.8704,7017996.053
1.65E+12,05-06-2022,SOL,38.16,41.901,37.943,41.775,88888.33265,3713310.096
1.65E+12,04-06-2022,SOL,37.788,39.872,37.361,39.772,47744.46004,1898892.665
1.65E+12,04-06-2022,SOL,36.179,39.471,36.179,38.16,85969.52761,3280597.174
1.65E+12,03-06-2022,SOL,38.054,38.915,35.715,37.788,126992.723,4798801.017
1.65E+12,03-06-2022,SOL,41.091,41.091,35.715,36.179,68772.19505,2488109.245
1.65E+12,02-06-2022,SOL,40.64,41.587,37.647,38.054,84687.19884,3222686.664
1.65E+12,02-06-2022,SOL,38.805,41.587,38.128,41.091,114610.0242,4709440.503
1.65E+12,01-06-2022,SOL,42.939,43.054,38.128,40.64,179584.4249,7298311.027
1.65E+12,01-06-2022,SOL,44.759,45.635,38.7,38.805,137376.271,5330886.196
1.65E+12,31-05-2022,SOL,46.28,46.762,42.832,42.939,64896.44669,2786588.524
1.65E+12,31-05-2022,SOL,47.602,47.779,44.567,44.759,72692.90096,3253661.554
1.65E+12,30-05-2022,SOL,45.829,48.339,44.567,46.28,112052.5857,5185793.666
1.65E+12,30-05-2022,SOL,45.896,48.339,44.941,47.602,121504.4107,5783852.96
1.65E+12,29-05-2022,SOL,44.664,47.331,44.05,45.829,109725.4149,5028606.04
1.65E+12,29-05-2022,SOL,42.355,46.654,41.794,45.896,97348.0187,4467884.666
1.65E+12,28-05-2022,SOL,42.946,45.555,41.794,44.664,103834.1286,4637647.518
1.65E+12,28-05-2022,SOL,41.316,44.989,41.062,42.355,100598.943,4260868.229
1.65E+12,27-05-2022,SOL,42.1,43.439,40.332,42.946,126396.9602,5428243.852
1.65E+12,27-05-2022,SOL,42.659,43.642,39.957,41.316,308421.5327,12742744.04
1.65E+12,26-05-2022,SOL,45.1,46.593,39.957,42.1,335830.59,14138467.84
1.65E+12,26-05-2022,SOL,48.114,48.114,41.197,42.659,58089.81723,2478053.513
1.65E+12,25-05-2022,SOL,48.214,49.076,41.704,45.1,204647.1906,9229588.295
1.65E+12,25-05-2022,SOL,50.274,50.274,47.85,48.114,3264.978339,157091.1678
1.65E+12,24-05-2022,SOL,50.048,50.8,47.536,48.214,64329.27545,3101571.687
1.65E+12,24-05-2022,SOL,49.843,50.8,47.088,50.274,82670.8863,4156196.138
1.65E+12,23-05-2022,SOL,53.802,54.351,47.088,50.048,83569.08209,4182465.42
1.65E+12,23-05-2022,SOL,52.158,54.583,48.562,49.843,87928.33364,4382611.934
1.65E+12,22-05-2022,SOL,51.692,54.583,51.138,53.802,70242.68489,3779196.932
1.65E+12,22-05-2022,SOL,50.114,53.163,49.679,52.158,33923.95289,1769405.535
1.65E+12,21-05-2022,SOL,50.699,52.802,49.461,51.692,27178.22175,1404896.639
1.65E+12,21-05-2022,SOL,50.043,51.143,48.941,50.114,20967.38744,1050759.654
1.65E+12,20-05-2022,SOL,49.353,50.712,47.832,50.699,41834.40038,2120962.265
1.65E+12,20-05-2022,SOL,51.479,53.581,47.832,50.043,73100.85121,3658185.897
1.65E+12,19-05-2022,SOL,53.225,53.581,49.269,49.353,67261.91976,3319577.526
1.65E+12,19-05-2022,SOL,50.546,54,48.237,51.479,66193.87192,3407594.333
1.65E+12,18-05-2022,SOL,50.384,54,48.213,53.225,72451.19799,3856215.013
1.65E+12,18-05-2022,SOL,55.04,56.148,48.213,50.546,60860.52208,3076255.949
1.65E+12,17-05-2022,SOL,55.144,57.804,49.7,50.384,73506.95303,3703574.321
1.65E+12,17-05-2022,SOL,55.831,58.168,53.018,55.04,80987.04755,4457527.097
1.65E+12,16-05-2022,SOL,53.223,58.168,52.271,55.144,94165.40203,5192656.93
1.65E+12,16-05-2022,SOL,56.036,56.335,51.867,55.831,93362.63472,5212529.259
1.65E+12,15-05-2022,SOL,52.802,59.15,51.867,53.223,80828.75969,4301949.077
1.65E+12,15-05-2022,SOL,50.122,59.15,49.83,56.036,63903.67521,3580906.344
1.65E+12,14-05-2022,SOL,46.244,54.624,45.867,52.802,49420.75712,2609514.818
1.65E+12,14-05-2022,SOL,51.734,53.409,45.867,50.122,58761.52863,2945245.338
1.65E+12,13-05-2022,SOL,52.976,54.144,46.074,46.244,65526.31332,3030198.833
1.65E+12,13-05-2022,SOL,50.404,56.218,48.182,51.734,110551.2831,5719260.082
1.65E+12,12-05-2022,SOL,44.674,56.218,41.57,52.976,124091.2531,6573858.227
1.65E+12,12-05-2022,SOL,45.078,51.998,36.101,50.404,224983.7034,11340078.58
1.65E+12,11-05-2022,SOL,55.499,56.6,36.101,44.674,320849.0413,14333610.07
1.65E+12,11-05-2022,SOL,66.323,66.323,43.157,45.078,166641.4614,7511863.798
1.65E+12,10-05-2022,SOL,69.339,70.937,48,55.499,123981.5481,6880851.935
1.65E+12,10-05-2022,SOL,65.327,73.997,63.22,66.323,65218.18324,4325465.567
1.65E+12,09-05-2022,SOL,69.926,73.997,60.181,69.339,122575.8391,8499286.107
1.65E+12,09-05-2022,SOL,75.215,75.919,60.181,65.327,101488.2027,6629919.815
1.65E+12,08-05-2022,SOL,77.201,78.079,69.277,69.926,44059.72774,3080920.522
1.65E+12,08-05-2022,SOL,76.999,79.307,73.767,75.215,24588.6218,1849433.189
1.65E+12,07-05-2022,SOL,81.996,82.165,76,77.201,32483.78763,2507780.889
1.65E+12,07-05-2022,SOL,80.496,82.226,76,76.999,32761.32409,2522589.194
1.65E+12,06-05-2022,SOL,81.759,82.432,79.141,81.996,15561.76563,1276002.535
1.65E+12,06-05-2022,SOL,82.807,83.624,80,80.496,24445.9089,1967797.883
1.65E+12,05-05-2022,SOL,84.985,86.2,80,81.759,43213.74662,3533112.71
1.65E+12,05-05-2022,SOL,94.257,94.563,81.25,82.807,37925.36043,3140485.321
1.65E+12,04-05-2022,SOL,87.113,95.08,84.321,84.985,37818.93792,3214042.439
1.65E+12,04-05-2022,SOL,86.126,95.08,85.43,94.257,34001.36275,3204866.449
1.65E+12,03-05-2022,SOL,87.183,88.689,84.669,87.113,21819.81169,1900789.255
1.65E+12,03-05-2022,SOL,88.655,89.3,84.669,86.126,24393.93961,2100952.443
1.65E+12,02-05-2022,SOL,87.631,89.3,85.147,87.183,23834.87801,2077996.169
1.65E+12,02-05-2022,SOL,89.48,90.735,85.147,88.655,21536.11553,1909284.323
1.65E+12,01-05-2022,SOL,90.079,93.039,86.294,87.631,20237.26306,1773411.6
1.65E+12,01-05-2022,SOL,88.106,93.039,87.16,89.48,24441.28408,2187006.1
1.65E+12,30-04-2022,SOL,92.265,92.54,81.98,90.079,38793.3033,3494461.968
1.65E+12,30-04-2022,SOL,94.176,94.998,81.98,88.106,30476.68884,2685179.147
1.65E+12,29-04-2022,SOL,96.106,96.32,91.511,92.265,16572.29586,1529042.877
1.65E+12,29-04-2022,SOL,97.159,98.043,92.4,94.176,21283.41313,2004386.715
1.65E+12,28-04-2022,SOL,97.484,100.189,95.188,96.106,18573.94462,1785067.521
1.65E+12,28-04-2022,SOL,99.176,100.546,96.393,97.159,21114.93816,2051506.277
1.65E+12,27-04-2022,SOL,98.23,100.546,96.393,97.484,19419.26049,1893067.19
1.65E+12,27-04-2022,SOL,96.808,99.883,96.808,99.176,9760.740798,968031.2294
1.65E+12,26-04-2022,SOL,96.451,100.767,94.69,98.23,19644.45757,1929675.067
1.65E+12,26-04-2022,SOL,100.944,101.6,94.69,96.808,22662.94983,2193954.847
1.65E+12,25-04-2022,SOL,97.032,101.934,96.357,96.451,25518.84661,2461318.275
1.65E+12,25-04-2022,SOL,98.091,101.934,94.467,100.944,30953.86142,3124606.587
1.65E+12,24-04-2022,SOL,100.055,101.236,94.467,97.032,23509.02026,2281127.254
1.65E+12,24-04-2022,SOL,101.35,102.331,96.267,98.091,11061.44738,1085028.434
1.65E+12,23-04-2022,SOL,102.116,102.91,99.939,100.055,6610.380167,661401.5876
1.65E+12,23-04-2022,SOL,99.905,102.91,98.426,101.35,7080.646994,717623.5728
1.65E+12,22-04-2022,SOL,99.735,102.541,98.426,102.116,22631.41935,2311030.018
1.65E+12,22-04-2022,SOL,102.552,103.534,99.301,99.905,27513.37917,2748724.146
1.65E+12,21-04-2022,SOL,107.801,107.801,99.424,99.735,37454.3259,3735507.194
1.65E+12,21-04-2022,SOL,106.98,109.942,100.063,102.552,43620.45929,4473365.341
1.65E+12,20-04-2022,SOL,105.698,109.942,104.419,107.801,26797.52242,2888799.714
1.65E+12,20-04-2022,SOL,108.289,108.289,106.17,106.98,2271.578544,243013.4726
1.65E+12,19-04-2022,SOL,106.546,110.903,101,105.698,37676.19617,3982298.583
1.65E+12,19-04-2022,SOL,101.469,109.394,101.15,108.289,25763.41531,2789894.481
1.65E+12,18-04-2022,SOL,98.708,108.472,97.161,106.546,29160.85356,3106972.303
1.65E+12,18-04-2022,SOL,101.155,103.733,94.81,101.469,28631.64279,2905224.162
1.65E+12,17-04-2022,SOL,105.208,105.343,94.81,98.708,19762.89478,1950755.818
1.65E+12,17-04-2022,SOL,101.551,105.343,99.782,101.155,9839.842149,995349.2326
1.65E+12,16-04-2022,SOL,101.115,105.261,100.731,105.208,5740.741658,603971.9484
1.65E+12,16-04-2022,SOL,101.147,103.54,100.731,101.551,6408.847144,650824.8363
1.65E+12,15-04-2022,SOL,102.343,103.54,100.212,101.115,13085.69028,1323159.573
1.65E+12,15-04-2022,SOL,101.971,102.876,99.988,101.147,13066.60191,1321647.583
1.65E+12,14-04-2022,SOL,101.202,102.756,98.9,102.343,10635.60254,1088479.471
1.65E+12,14-04-2022,SOL,105.624,107.632,98.9,101.971,14657.26621,1494616.093
1.65E+12,13-04-2022,SOL,105.212,107.632,101.146,101.202,14662.65765,1483890.28
1.65E+12,13-04-2022,SOL,103.737,107.324,103.737,105.624,7375.655477,779046.2341
1.65E+12,12-04-2022,SOL,105.825,107.067,100.212,105.212,17092.97024,1798385.585
1.65E+12,12-04-2022,SOL,99.674,109.346,99.433,103.737,27313.13757,2833382.952
1.65E+12,11-04-2022,SOL,101.5,109.346,98.22,105.825,28891.08197,3057398.75
1.65E+12,11-04-2022,SOL,109.928,111.753,98.22,99.674,29131.40966,2903644.127
1.65E+12,10-04-2022,SOL,112.434,115.983,101.365,101.5,25063.59281,2543954.67
1.65E+12,10-04-2022,SOL,113.399,115.983,108.439,109.928,12287.37865,1350726.96
1.65E+12,09-04-2022,SOL,109.569,114.053,109.382,112.434,9739.634409,1095066.055
1.65E+12,09-04-2022,SOL,109.485,114.053,109.098,113.399,11487.34183,1302653.077
1.65E+12,08-04-2022,SOL,116.697,116.862,108.206,109.569,16894.14584,1851074.666
1.65E+12,08-04-2022,SOL,122.137,122.435,108.206,109.485,20425.31229,2236265.316
1.65E+12,07-04-2022,SOL,113.2,122.462,112.824,116.697,21292.46893,2484767.246
1.65E+12,07-04-2022,SOL,113.8,122.462,111.852,122.137,19790.40805,2417141.068
1.65E+12,06-04-2022,SOL,117.547,120,110.98,113.2,22782.6626,2578997.406
1.65E+12,06-04-2022,SOL,123.582,123.582,110.98,113.8,15509.10455,1764936.098
1.65E+12,05-04-2022,SOL,131.679,133.685,116.505,117.547,40152.79318,4719840.38
1.65E+12,05-04-2022,SOL,133.312,136.529,120.191,123.582,43771.66012,5409389.301
1.65E+12,04-04-2022,SOL,129.432,136.529,126.052,131.679,37542.79659,4943597.912
1.65E+12,04-04-2022,SOL,135.343,138.319,126.052,133.312,28914.16077,3854604.601
1.65E+12,03-04-2022,SOL,136.2,139.553,128.555,129.432,21567.655,2791544.722
1.65E+12,03-04-2022,SOL,134.952,141,134.246,135.343,18247.12909,2469621.192
1.65E+12,02-04-2022,SOL,137.977,141,130.78,136.2,39867.61646,5429969.362
1.65E+12,02-04-2022,SOL,134.849,143.583,130.78,134.952,46206.44785,6235652.55
1.65E+12,01-04-2022,SOL,132.728,143.583,132.262,137.977,35736.16313,4930768.58
1.65E+12,01-04-2022,SOL,122.024,138.425,120.017,134.849,43213.09964,5827243.273
1.65E+12,31-03-2022,SOL,125.25,134.145,117.49,132.728,46159.70449,6126685.258
1.65E+12,31-03-2022,SOL,121.182,129.495,117.49,122.024,39119.38833,4773504.242
1.65E+12,30-03-2022,SOL,122.586,129.495,119.165,125.25,29403.6062,3682801.676
1.65E+12,30-03-2022,SOL,110.849,125.195,110.849,121.182,16809.32465,2036987.58
1.65E+12,29-03-2022,SOL,111.973,125.337,107.207,122.586,22881.45071,2804945.517
1.65E+12,29-03-2022,SOL,109.454,115.667,107.207,110.849,19193.45362,2127575.14
1.65E+12,28-03-2022,SOL,110,115.667,105,111.973,30025.78085,3362076.759
1.65E+12,28-03-2022,SOL,106.815,113.87,105,109.454,30712.41743,3361596.938
1.65E+12,27-03-2022,SOL,101.561,113.87,101.11,110,24843.70943,2732808.038
1.65E+12,27-03-2022,SOL,101.936,107.554,98.912,106.815,20411.1507,2180217.062
1.65E+12,26-03-2022,SOL,101.056,103.351,98.912,101.561,10360.63336,1052236.284
1.65E+12,26-03-2022,SOL,99.107,103.351,98.682,101.936,9699.382464,988716.2509
1.65E+12,25-03-2022,SOL,100.193,101.914,97.201,101.056,26062.43418,2633765.349
1.65E+12,25-03-2022,SOL,103.452,104.996,97.201,99.107,40241.03893,3988168.645
1.65E+12,24-03-2022,SOL,101.58,104.996,99.7,100.193,31872.10285,3193361.601
1.65E+12,24-03-2022,SOL,94.675,104.66,94.675,103.452,24001.58046,2483011.501
1.65E+12,23-03-2022,SOL,95.845,102.244,90.05,101.58,23666.60182,2404053.413
1.65E+12,23-03-2022,SOL,90.205,95.943,90.05,94.675,9662.093285,914758.6818
1.65E+12,22-03-2022,SOL,92.642,96.289,89.334,95.845,17481.00571,1675466.993
1.65E+12,22-03-2022,SOL,91.059,93.933,89.334,90.205,17463.85922,1575327.421
1.65E+12,21-03-2022,SOL,89.7,93.933,87.561,92.642,14028.73423,1299649.997
1.65E+12,21-03-2022,SOL,87.718,91.776,87.718,91.059,4487.964679,408669.5757
1.65E+12,20-03-2022,SOL,89.234,91.171,86.878,89.7,7235.528004,649026.862
1.65E+12,20-03-2022,SOL,90.919,91.73,86.878,87.718,9573.296315,839750.4062
1.65E+12,19-03-2022,SOL,94.108,94.686,89.017,89.234,21083.06169,1881325.927
1.65E+12,19-03-2022,SOL,90.333,94.686,89.262,90.919,25919.3863,2356564.683
1.65E+12,18-03-2022,SOL,88.381,94.334,88.311,94.108,28123.16653,2646614.956
1.65E+12,18-03-2022,SOL,86.024,92.326,84.537,90.333,25485.22227,2302156.584
1.65E+12,17-03-2022,SOL,89.294,91,84.537,88.381,36639.93392,3238273.999
1.65E+12,17-03-2022,SOL,88.003,91,85.611,86.024,38273.58059,3292446.496
1.65E+12,16-03-2022,SOL,84.046,90.72,82.292,89.294,16892.17612,1508369.975
1.65E+12,16-03-2022,SOL,82.465,89,82.292,88.003,9423.528983,829298.8211
1.65E+12,15-03-2022,SOL,81.028,86.386,80.756,84.046,16143.65276,1356809.44
1.65E+12,15-03-2022,SOL,79.742,86.386,78.855,82.465,15389.55605,1269099.739
1.65E+12,14-03-2022,SOL,80.949,81.452,78.592,81.028,5384.847683,436323.4381
1.65E+12,14-03-2022,SOL,79.623,82.313,78.592,79.742,6051.180907,482533.2679
1.65E+12,13-03-2022,SOL,81.273,82.4,77.801,80.949,8015.866773,648876.3994
1.65E+12,13-03-2022,SOL,82.561,83.309,77.801,79.623,6890.942715,548677.5318
1.65E+12,12-03-2022,SOL,81.786,83.309,80.129,81.273,4579.246496,372169.1005
1.65E+12,12-03-2022,SOL,81.9,82.561,80.676,82.561,4202.241028,346941.2215
1.65E+12,11-03-2022,SOL,81.825,82.756,80.132,81.786,6494.792474,531183.0973
1.65E+12,11-03-2022,SOL,82.05,84.211,80.132,81.9,8117.036357,664785.2776
1.65E+12,10-03-2022,SOL,81.886,84.211,80.3,81.825,9028.05357,738720.4834
1.65E+12,10-03-2022,SOL,85.376,85.497,80.834,82.05,10182.38474,835464.6678
1.65E+12,09-03-2022,SOL,89.01,89.365,80.834,81.886,12021.97794,984431.6857
1.65E+12,09-03-2022,SOL,87.881,88.873,85.376,85.376,5410.067747,461889.944
1.65E+12,08-03-2022,SOL,82.883,89.632,80.844,89.01,25589.20924,2277695.514
1.65E+12,08-03-2022,SOL,83.409,88.549,81.986,87.881,10454.30373,918734.6657
1.65E+12,07-03-2022,SOL,84.941,86.082,80.02,82.883,7914.208904,655953.3766
1.65E+12,07-03-2022,SOL,82.333,86.552,80.02,83.409,14115.9659,1177398.6
1.65E+12,06-03-2022,SOL,87.294,88.275,81.333,84.941,16736.95126,1421653.377
1.65E+12,06-03-2022,SOL,87.93,88.857,81.5,82.333,10287.78497,847024.1999
1.65E+12,05-03-2022,SOL,89.335,91.148,85.954,87.294,4420.051553,385843.9803
1.65E+12,05-03-2022,SOL,87.813,91.148,86.928,87.93,5107.884889,449136.3183
1.65E+12,04-03-2022,SOL,91.355,92.771,86.033,89.335,18011.59439,1609065.785
1.65E+12,04-03-2022,SOL,91.588,93.757,86.033,87.813,18846.63088,1654979.197
1.65E+12,03-03-2022,SOL,95.953,96.634,90.58,91.355,17888.88707,1634239.278
1.65E+12,03-03-2022,SOL,98.401,100.907,90.58,91.588,18911.87927,1732101.198
1.65E+12,02-03-2022,SOL,101.638,103.402,95.111,95.953,17696.17859,1698001.424
1.65E+12,02-03-2022,SOL,104.324,104.324,98,98.401,13153.02078,1294270.398
1.65E+12,01-03-2022,SOL,98.022,106.359,96.21,101.638,24315.3396,2471362.486
1.65E+12,01-03-2022,SOL,0,105.283,0,104.324,20137.83482,2100859.48
1.65E+12,28-02-2022,SOL,0,102.175,0,98.022,6338.736,621335.5802
1.65E+12,28-02-2022,SOL,0,0,0,0,0,0
1.65E+12,27-02-2022,SOL,0,0,0,0,0,0
1.65E+12,27-02-2022,SOL,0,0,0,0,0,0
1.65E+12,26-02-2022,SOL,0,0,0,0,0,0
1.65E+12,26-02-2022,SOL,0,0,0,0,0,0
1.65E+12,25-02-2022,SOL,0,0,0,0,0,0
1.65E+12,25-02-2022,SOL,0,0,0,0,0,0
1.65E+12,24-02-2022,SOL,0,0,0,0,0,0
1.65E+12,24-02-2022,SOL,0,0,0,0,0,0
1.65E+12,23-02-2022,SOL,0,0,0,0,0,0
1.65E+12,23-02-2022,SOL,0,0,0,0,0,0
1.65E+12,22-02-2022,SOL,0,0,0,0,0,0
1.65E+12,22-02-2022,SOL,0,0,0,0,0,0
1.65E+12,21-02-2022,SOL,0,0,0,0,0,0
1.65E+12,21-02-2022,SOL,0,0,0,0,0,0
1.65E+12,20-02-2022,SOL,0,0,0,0,0,0
1.65E+12,20-02-2022,SOL,0,0,0,0,0,0
1.65E+12,19-02-2022,SOL,0,0,0,0,0,0
1.65E+12,19-02-2022,SOL,0,0,0,0,0,0
1.65E+12,18-02-2022,SOL,0,0,0,0,0,0
1.65E+12,18-02-2022,SOL,0,0,0,0,0,0
1.65E+12,17-02-2022,SOL,0,0,0,0,0,0
1.65E+12,17-02-2022,SOL,0,0,0,0,0,0
1.65E+12,16-02-2022,SOL,0,0,0,0,0,0
1.64E+12,16-02-2022,SOL,0,0,0,0,0,0
1.64E+12,15-02-2022,SOL,0,0,0,0,0,0
1.64E+12,15-02-2022,SOL,0,0,0,0,0,0
1.64E+12,14-02-2022,SOL,0,0,0,0,0,0
1.64E+12,14-02-2022,SOL,0,0,0,0,0,0
1.64E+12,13-02-2022,SOL,0,0,0,0,0,0
1.64E+12,13-02-2022,SOL,0,0,0,0,0,0
1.64E+12,12-02-2022,SOL,0,0,0,0,0,0
1.64E+12,12-02-2022,SOL,0,0,0,0,0,0
1.64E+12,11-02-2022,SOL,0,0,0,0,0,0
1.64E+12,11-02-2022,SOL,0,0,0,0,0,0
1.64E+12,10-02-2022,SOL,0,0,0,0,0,0
1.64E+12,10-02-2022,SOL,0,0,0,0,0,0
1.64E+12,09-02-2022,SOL,0,0,0,0,0,0
1.64E+12,09-02-2022,SOL,0,0,0,0,0,0
1.64E+12,08-02-2022,SOL,0,0,0,0,0,0
1.64E+12,08-02-2022,SOL,0,0,0,0,0,0
1.64E+12,07-02-2022,SOL,0,0,0,0,0,0
1.64E+12,07-02-2022,SOL,0,0,0,0,0,0
1.64E+12,06-02-2022,SOL,0,0,0,0,0,0
1.64E+12,06-02-2022,SOL,0,0,0,0,0,0
1.64E+12,05-02-2022,SOL,0,0,0,0,0,0
1.64E+12,05-02-2022,SOL,0,0,0,0,0,0
1.64E+12,04-02-2022,SOL,0,0,0,0,0,0
1.64E+12,04-02-2022,SOL,0,0,0,0,0,0
1.64E+12,03-02-2022,SOL,0,0,0,0,0,0
1.64E+12,03-02-2022,SOL,0,0,0,0,0,0
1.64E+12,02-02-2022,SOL,0,0,0,0,0,0
1.64E+12,02-02-2022,SOL,0,0,0,0,0,0
